<?xml version="1.0"?>
<config xmlns:xsi="http://www.w3.org/2001/XMLSchema-instance" xsi:noNamespaceSchemaLocation="urn:magento:module:Magento_Config:etc/system_file.xsd">
    <system>
        <section id="maas_catalog_rule" translate="label" sortOrder="90" showInDefault="1" showInWebsite="1" showInStore="1">
            <class>separator-top</class>
            <label>Commercial categorization</label>
            <tab>maas_plugin</tab>
            <resource>Maas_Core::config</resource>
            <group id="general" translate="label" type="text" sortOrder="10" showInDefault="1" showInWebsite="0" showInStore="0">
                <label>Commercial categorization</label>
                <field id="catalog_rule_categorization_enabled" translate="label" type="select" sortOrder="1" showInDefault="1" showInWebsite="0" showInStore="0">
                    <label>Commercial categorization enabled</label>
                    <source_model>Magento\Config\Model\Config\Source\Yesno</source_model>
                    <backend_model>Maas\Core\Model\Config\Backend\CronFrequency</backend_model>
                </field>
                <field id="catalog_rule_categorization_frequency" translate="label" type="select" sortOrder="2" showInDefault="1" showInWebsite="0" showInStore="0">
                    <label>Commercial categorization frequency (hour)</label>
                    <source_model>Maas\Core\Model\Config\Source\Hours</source_model>
                    <depends>
                        <field id="catalog_rule_categorization_enabled">1</field>
                    </depends>
                </field>
                <field id="catalog_rule_categorization_limit" translate="label" type="text" sortOrder="10" showInDefault="150" showInWebsite="0" showInStore="0">
                    <label>Limit of updates of the commercial categorization</label>
                    <validate>validate-digits validate-greater-than-zero validate-not-negative-number</validate>
                    <depends>
                        <field id="catalog_rule_categorization_enabled">1</field>
                    </depends>
                </field>
                <field id="catalog_rule_categorization_parallel_processes_number" translate="label" type="text" sortOrder="10" showInDefault="160" showInWebsite="0" showInStore="0">
                    <label>Number of simultaneous processes of the commercial categorization</label>
                    <validate>validate-digits validate-greater-than-zero validate-not-negative-number</validate>
                    <depends>
                        <field id="catalog_rule_categorization_enabled">1</field>
                    </depends>
                </field>
            </group>
        </section>
    </system>
</config>
