<?xml version="1.0"?>
<config xmlns:xsi="http://www.w3.org/2001/XMLSchema-instance" xsi:noNamespaceSchemaLocation="urn:magento:framework:ObjectManager/etc/config.xsd">
    <type name="Magento\Catalog\Block\Adminhtml\Category\Edit\DeleteButton">
        <plugin name="maas_hide_delete_button" type="Maas\Catalog\Plugin\Catalog\Block\Adminhtml\Category\Edit\HideDeleteButton" sortOrder="1" disabled="false" />
    </type>
    <type name="Magento\Bundle\Ui\DataProvider\Product\BundleDataProvider">
        <plugin name="maas_hide_products_bundle" type="Maas\Catalog\Plugin\Ui\DataProvider\Product\HideMaasProducts" sortOrder="1" disabled="false" />
    </type>
    <type name="Magento\GroupedProduct\Ui\DataProvider\Product\GroupedProductDataProvider">
        <plugin name="maas_hide_products_grouped" type="Maas\Catalog\Plugin\Ui\DataProvider\Product\HideMaasProducts" sortOrder="1" disabled="false"/>
    </type>
    <type name="Magento\ConfigurableProduct\Ui\DataProvider\Attributes">
        <plugin name="maas_hide_attributes" type="Maas\Catalog\Plugin\Ui\DataProvider\Attribute\HideMaasAttributes" sortOrder="1" disabled="false"/>
    </type>
    <virtualType name="Magento\Catalog\Ui\DataProvider\Product\Form\Modifier\Pool">
        <arguments>
            <argument name="modifiers" xsi:type="array">
                <item name="maas_sync_date" xsi:type="array">
                    <item name="class" xsi:type="string">Maas\Catalog\Ui\DataProvider\Product\Form\Modifier\MaasSyncDate</item>
                    <item name="sortOrder" xsi:type="number">10</item>
                </item>
                <item name="maas_offer_id" xsi:type="array">
                    <item name="class" xsi:type="string">Maas\Catalog\Ui\DataProvider\Product\Form\Modifier\MaasOfferId</item>
                    <item name="sortOrder" xsi:type="number">10</item>
                </item>
                <item name="maas_brand" xsi:type="array">
                    <item name="class" xsi:type="string">Maas\Catalog\Ui\DataProvider\Product\Form\Modifier\MaasBrand</item>
                    <item name="sortOrder" xsi:type="number">10</item>
                </item>
                <item name="maas_offer_seller_id" xsi:type="array">
                    <item name="class" xsi:type="string">Maas\Catalog\Ui\DataProvider\Product\Form\Modifier\MaasOfferSellerId</item>
                    <item name="sortOrder" xsi:type="number">10</item>
                </item>
                <item name="maas_offer_seller_name" xsi:type="array">
                    <item name="class" xsi:type="string">Maas\Catalog\Ui\DataProvider\Product\Form\Modifier\MaasOfferSellerName</item>
                    <item name="sortOrder" xsi:type="number">10</item>
                </item>
                <item name="maas_offer_seller_front_name" xsi:type="array">
                    <item name="class" xsi:type="string">Maas\Catalog\Ui\DataProvider\Product\Form\Modifier\MaasOfferSellerFrontName</item>
                    <item name="sortOrder" xsi:type="number">10</item>
                </item>
                <item name="maas_offer_updated_at" xsi:type="array">
                    <item name="class" xsi:type="string">Maas\Catalog\Ui\DataProvider\Product\Form\Modifier\MaasOfferUpdatedAt</item>
                    <item name="sortOrder" xsi:type="number">10</item>
                </item>
                <item name="maas_offer_price_updated_at" xsi:type="array">
                    <item name="class" xsi:type="string">Maas\Catalog\Ui\DataProvider\Product\Form\Modifier\MaasOfferPriceUpdatedAt</item>
                    <item name="sortOrder" xsi:type="number">10</item>
                </item>
                <item name="maas_offer_inv_updated_at" xsi:type="array">
                    <item name="class" xsi:type="string">Maas\Catalog\Ui\DataProvider\Product\Form\Modifier\MaasOfferInvUpdatedAt</item>
                    <item name="sortOrder" xsi:type="number">10</item>
                </item>
                <item name="maas_updated_at" xsi:type="array">
                    <item name="class" xsi:type="string">Maas\Catalog\Ui\DataProvider\Product\Form\Modifier\MaasUpdatedAt</item>
                    <item name="sortOrder" xsi:type="number">10</item>
                </item>
                <item name="categories" xsi:type="array">
                    <item name="class" xsi:type="string">Maas\Catalog\Ui\DataProvider\Product\Form\Modifier\Categories</item>
                    <item name="sortOrder" xsi:type="number">60</item>
                </item>
            </argument>
        </arguments>
    </virtualType>
</config>
