<?xml version="1.0"?>
<config xmlns:xsi="http://www.w3.org/2001/XMLSchema-instance" xsi:noNamespaceSchemaLocation="urn:magento:framework:ObjectManager/etc/config.xsd">
    <type name="Magento\Framework\Console\CommandListInterface">
        <arguments>
            <argument name="commands" xsi:type="array">
                <item name="maas_command_importbestoffer_api" xsi:type="object">Maas\Offer\Console\Command\BestOffer\Update</item>
            </argument>
        </arguments>
    </type>
    <type name="Maas\Offer\Model\ResourceModel\BestOffer">
        <arguments>
            <argument name="taxesInterface" xsi:type="object">Maas\Offer\Model\Service\BestOffer\Taxes\Taxes</argument>
            <argument name="deliveriesInterface" xsi:type="object">Maas\Offer\Model\Service\BestOffer\Deliveries\Deliveries</argument>
        </arguments>
    </type>
    <!-- offer -->
    <preference for="Maas\Offer\Api\Data\OfferInterface" type="Maas\Offer\Model\Offer"/>
    <preference for="Maas\Offer\Api\OfferRepositoryInterface" type="Maas\Offer\Model\OfferRepository"/>
    <preference for="Maas\Offer\Api\Data\OfferSearchResultsInterface" type="Magento\Framework\Api\SearchResults"/>
    <!-- offer Price -->
    <preference for="Maas\Offer\Api\Data\OfferPriceInterface" type="Maas\Offer\Model\OfferPrice"/>
    <preference for="Maas\Offer\Api\OfferPriceRepositoryInterface" type="Maas\Offer\Model\OfferPriceRepository"/>
    <preference for="Maas\Offer\Api\Data\OfferPriceSearchResultsInterface" type="Magento\Framework\Api\SearchResults"/>
    <!-- offer Tax -->
    <preference for="Maas\Offer\Api\Data\OfferTaxInterface" type="Maas\Offer\Model\OfferTax"/>
    <preference for="Maas\Offer\Api\OfferTaxRepositoryInterface" type="Maas\Offer\Model\OfferTaxRepository"/>
    <preference for="Maas\Offer\Api\Data\OfferTaxSearchResultsInterface" type="Magento\Framework\Api\SearchResults"/>
    <!-- offer Inventory -->
    <preference for="Maas\Offer\Api\Data\OfferInventoryInterface" type="Maas\Offer\Model\OfferInventory"/>
    <preference for="Maas\Offer\Api\OfferInventoryRepositoryInterface" type="Maas\Offer\Model\OfferInventoryRepository"/>
    <preference for="Maas\Offer\Api\Data\OfferInventorySearchResultsInterface" type="Magento\Framework\Api\SearchResults"/>
    <!-- offer Delivery -->
    <preference for="Maas\Offer\Api\Data\OfferDeliveryInterface" type="Maas\Offer\Model\OfferDelivery"/>
    <preference for="Maas\Offer\Api\OfferDeliveryRepositoryInterface" type="Maas\Offer\Model\OfferDeliveryRepository"/>
    <preference for="Maas\Offer\Api\Data\OfferDeliverySearchResultsInterface" type="Magento\Framework\Api\SearchResults"/>
    <!-- Attribute validation for Best Offer updates -->
    <type name="Magento\CatalogImportExport\Model\Import\Product\Validator">
        <plugin name="maas_offer_allow_timestamps_for_offer_sync_dates" type="Maas\Offer\Plugin\AllowTimestampsForOfferSyncDates"/>
    </type>

    <!-- Repositories -->
    <type name="Maas\Offer\Model\OfferPriceRepository">
        <arguments>
            <argument name="resource" xsi:type="object">Maas\Offer\Model\ResourceModel\OfferPrice</argument>
            <argument name="modelFactory" xsi:type="object">Maas\Offer\Model\OfferPriceFactory</argument>
            <argument name="collectionFactory" xsi:type="object">Maas\Offer\Model\ResourceModel\OfferPrice\CollectionFactory</argument>
            <argument name="searchResultsFactory" xsi:type="object">Maas\Offer\Api\Data\OfferPriceSearchResultsInterfaceFactory</argument>
        </arguments>
    </type>
    <type name="Maas\Offer\Model\OfferTaxRepository">
        <arguments>
            <argument name="resource" xsi:type="object">Maas\Offer\Model\ResourceModel\OfferTax</argument>
            <argument name="modelFactory" xsi:type="object">Maas\Offer\Model\OfferTaxFactory</argument>
            <argument name="collectionFactory" xsi:type="object">Maas\Offer\Model\ResourceModel\OfferTax\CollectionFactory</argument>
            <argument name="searchResultsFactory" xsi:type="object">Maas\Offer\Api\Data\OfferTaxSearchResultsInterfaceFactory</argument>
        </arguments>
    </type>
    <type name="Maas\Offer\Model\OfferDeliveryRepository">
        <arguments>
            <argument name="resource" xsi:type="object">Maas\Offer\Model\ResourceModel\OfferDelivery</argument>
            <argument name="modelFactory" xsi:type="object">Maas\Offer\Model\OfferDeliveryFactory</argument>
            <argument name="collectionFactory" xsi:type="object">Maas\Offer\Model\ResourceModel\OfferDelivery\CollectionFactory</argument>
            <argument name="searchResultsFactory" xsi:type="object">Maas\Offer\Api\Data\OfferDeliverySearchResultsInterfaceFactory</argument>
        </arguments>
    </type>
    <type name="Maas\Offer\Model\OfferInventoryRepository">
        <arguments>
            <argument name="resource" xsi:type="object">Maas\Offer\Model\ResourceModel\OfferInventory</argument>
            <argument name="modelFactory" xsi:type="object">Maas\Offer\Model\OfferInventoryFactory</argument>
            <argument name="collectionFactory" xsi:type="object">Maas\Offer\Model\ResourceModel\OfferInventory\CollectionFactory</argument>
            <argument name="searchResultsFactory" xsi:type="object">Maas\Offer\Api\Data\OfferInventorySearchResultsInterfaceFactory</argument>
        </arguments>
    </type>
</config>
