<?xml version="1.0"?>
<config xmlns:xsi="http://www.w3.org/2001/XMLSchema-instance" xsi:noNamespaceSchemaLocation="urn:magento:framework:ObjectManager/etc/config.xsd">
    <type name="Magento\Catalog\Controller\Adminhtml\Product\Set\Save">
        <plugin name="maas_attribut_set_save" type="Maas\AttributeSet\Plugin\AttributeSetPlugin" sortOrder="10" disabled="false"/>
    </type>
    <preference for="Magento\Catalog\Block\Adminhtml\Product\Attribute\Set\Main" type="Maas\AttributeSet\Block\Adminhtml\Product\Attribute\Set\Main"/>
    <virtualType name="Magento\Catalog\Ui\DataProvider\Product\Form\Modifier\Pool">
        <arguments>
            <argument name="modifiers" xsi:type="array">
                <item name="attribute_set_id" xsi:type="array">
                    <item name="class" xsi:type="string">Maas\AttributeSet\Ui\DataProvider\Product\Form\Modifier\AttributeSet</item>
                    <item name="sortOrder" xsi:type="number">20</item>
                </item>
            </argument>
        </arguments>
    </virtualType>
</config>
