<?xml version="1.0"?>
<config xmlns:xsi="http://www.w3.org/2001/XMLSchema-instance" xsi:noNamespaceSchemaLocation="urn:magento:module:Magento_Config:etc/system_file.xsd">
    <system>
        <section id="maas_offers" translate="label" sortOrder="50" showInDefault="1" showInWebsite="1" showInStore="1">
            <class>separator-top</class>
            <label>Offers</label>
            <tab>maas_plugin</tab>
            <resource>Maas_Core::config</resource>
            <group id="general" translate="label" type="text" sortOrder="10" showInDefault="1" showInWebsite="0" showInStore="0">
                <label>General configuration</label>
            </group>
            <group id="advanced" translate="label" type="text" sortOrder="20" showInDefault="1" showInWebsite="0" showInStore="0">
                <label>Advanced configuration</label>
            </group>
        </section>
        <section id="maas_bestoffer" translate="label" sortOrder="60" showInDefault="1" showInWebsite="1" showInStore="1">
            <class>separator-top</class>
            <label>Best offer</label>
            <tab>maas_plugin</tab>
            <resource>Maas_Core::config</resource>
            <group id="general" translate="label" type="text" sortOrder="10" showInDefault="1" showInWebsite="0" showInStore="0">
                <label>Best offer</label>
                <field id="is_product_activation_enabled" translate="label" type="select" sortOrder="1" showInDefault="1" showInWebsite="0" showInStore="0">
                    <label>Activate product following best offer synchronization</label>
                    <source_model>Magento\Config\Model\Config\Source\Yesno</source_model>
                </field>
                <field id="activate_products_incomplete_sellers" translate="label" type="select" sortOrder="1" showInDefault="1" showInWebsite="0" showInStore="0">
                    <label>Enable best offer without seller information</label>
                    <source_model>Magento\Config\Model\Config\Source\Yesno</source_model>
                </field>
            </group>
        </section>
    </system>
</config>
