<?xml version="1.0"?>
<config xmlns:xsi="http://www.w3.org/2001/XMLSchema-instance" xsi:noNamespaceSchemaLocation="urn:magento:module:Magento_Cron:etc/crontab.xsd">
    <group id="maas_grc">
        <job name="maas_grc_update_typology" instance="Maas\Grc\Cron\UpdateTypology" method="execute">
            <schedule>0 0 * * *</schedule>
        </job>
        <job name="maas_grc_notification" instance="Maas\Grc\Cron\NotifyDiscussionMessage" method="execute">
            <config_path>crontab/maas_grc/jobs/maas_grc_notification/schedule/cron_expr</config_path>
        </job>
    </group>
</config>
