<?xml version="1.0" encoding="UTF-8"?>
<config xmlns:xsi="http://www.w3.org/2001/XMLSchema-instance"
        xsi:noNamespaceSchemaLocation="urn:magento:framework:ObjectManager/etc/config.xsd">
    <preference for="Maas\Grc\Api\Data\TypologyInterface" type="Maas\Grc\Model\Typology"/>
    <preference for="Maas\Grc\Api\Data\TypologySearchResultsInterface" type="Magento\Framework\Api\SearchResults"/>
    <preference for="Maas\Grc\Api\TypologyRepositoryInterface" type="Maas\Grc\Model\TypologyRepository"/>
    <type name="Maas\Grc\Model\Email\Sender\GrcSender">
        <arguments>
            <argument name="identityContainer" xsi:type="object">Maas\Grc\Model\Email\Container\GrcIdentity</argument>
        </arguments>
    </type>
    <type name="Magento\Framework\Console\CommandListInterface">
        <arguments>
            <argument name="commands" xsi:type="array">
                <item name="maas_command_grcnotify" xsi:type="object">Maas\Grc\Console\Command\Notify</item>
            </argument>
        </arguments>
    </type>
    <type name="Magento\Framework\Console\CommandListInterface">
        <arguments>
            <argument name="commands" xsi:type="array">
                <item name="maas_command_typology" xsi:type="object">Maas\Grc\Console\Command\Typology</item>
            </argument>
        </arguments>
    </type>
    <type name="Maas\Grc\Controller\Order\Complaint">
        <plugin name="authentication" type="Magento\Sales\Controller\Order\Plugin\Authentication"/>
    </type>
</config>
