<?xml version="1.0"?>
<config xmlns:xsi="http://www.w3.org/2001/XMLSchema-instance" xsi:noNamespaceSchemaLocation="urn:magento:module:Magento_Config:etc/system_file.xsd">
    <system>
        <section id="maas_orders" translate="label" sortOrder="70" showInDefault="1" showInWebsite="1" showInStore="1">
            <class>separator-top</class>
            <label>Orders</label>
            <tab>maas_plugin</tab>
            <resource>Maas_Core::config</resource>
            <group id="general" translate="label" type="text" sortOrder="50" showInDefault="1" showInWebsite="0" showInStore="0">
                <label>Orders</label>
                <field id="synchro_status_by_payment_method" translate="label" sortOrder="10" showInDefault="1" showInWebsite="0" showInStore="0">
                    <label>Order synchronisation status by payment method</label>
                    <frontend_model>Maas\Sales\Block\Adminhtml\Form\Field\SyncStatus</frontend_model>
                    <backend_model>Maas\Sales\Model\Config\Backend\PaymentMethodsStatusCommaArrays</backend_model>
                </field>
                <field id="matching_between_octopia_and_magento_payment_methods" translate="label" sortOrder="10" showInDefault="1" showInWebsite="0" showInStore="0">
                    <label>Matching between Octopia and Magento payment methods</label>
                    <frontend_model>Maas\Sales\Block\Adminhtml\Form\Field\MatchingPayments</frontend_model>
                    <backend_model>Maas\Sales\Model\Config\Backend\PaymentMethodsMatchingCommaArrays</backend_model>
                </field>
            </group>
        </section>
    </system>
</config>
