<?xml version="1.0"?>
<config xmlns:xsi="http://www.w3.org/2001/XMLSchema-instance" xsi:noNamespaceSchemaLocation="urn:magento:framework:ObjectManager/etc/config.xsd">
    <type name="Magento\Checkout\Model\CompositeConfigProvider">
        <arguments>
            <argument name="configProviders" xsi:type="array">
                <item name="maas_shipping_methods_config_provider" xsi:type="object">Maas\Shipping\Model\Checkout\ConfigProviderMaasShippingMethods</item>
            </argument>
        </arguments>
    </type>
    <type name="Magento\Multishipping\Block\Checkout\Shipping">
        <plugin name="maas_shipping_marketplace_methods" type="Maas\Shipping\Plugin\Multishipping\AddMarketplaceMethodsToShipping"/>
    </type>

    <type name="Magento\Multishipping\Controller\Checkout\Billing">
        <plugin name="maas_apply_mkp_shipments_and_recollect_on_multishipping_billing" type="Maas\Shipping\Plugin\Multishipping\ApplyAmountOnController"/>
    </type>
    <type name="Magento\Multishipping\Controller\Checkout\Overview">
        <plugin name="maas_apply_mkp_shipments_and_recollect_on_multishipping_overview" type="Maas\Shipping\Plugin\Multishipping\ApplyAmountOnController"/>
    </type>
    <type name="Magento\Multishipping\Controller\Checkout\OverviewPost">
        <plugin name="maas_apply_mkp_shipments_on_multishipping_overviewpost" type="Maas\Shipping\Plugin\Multishipping\ApplyAmountOnController"/>
    </type>

    <!-- This module is provided by default -->
    <type name="StripeIntegration\Payments\Controller\Multishipping\OverviewPost">
        <plugin name="maas_apply_mkp_shipments_on_multishipping_overviewpost" type="Maas\Shipping\Plugin\Multishipping\ApplyAmountOnController"/>
    </type>

    <type name="Maas\Checkout\Block\Checkout\Shipping">
        <plugin name="maas_dont_display_no_methods_message_for_marketplace" type="Maas\Shipping\Plugin\Multishipping\DontDisplayNoMethodsMessageForMarketplace"/>
    </type>

    <type name="Maas\Checkout\Block\Checkout\Overview">
        <plugin name="maas_add_estimations_on_overview" type="Maas\Shipping\Plugin\Multishipping\AddEstimationsOnOverview"/>
    </type>

</config>
