<?xml version="1.0"?>
<config xmlns:xsi="http://www.w3.org/2001/XMLSchema-instance" xsi:noNamespaceSchemaLocation="urn:magento:module:Magento_Config:etc/system_file.xsd">
    <system>
        <section id="maas_sellers" translate="label" sortOrder="50" showInDefault="1" showInWebsite="1" showInStore="1">
            <class>separator-top</class>
            <label>Sellers</label>
            <tab>maas_plugin</tab>
            <resource>Maas_Core::config</resource>
            <group id="general" translate="label" type="text" sortOrder="10" showInDefault="1" showInWebsite="0" showInStore="0">
                <label>General configuration</label>
            </group>
            <group id="advanced" translate="label" type="text" sortOrder="20" showInDefault="1" showInWebsite="0" showInStore="0">
                <label>Advanced configuration</label>
            </group>
        </section>
    </system>
</config>
