<?xml version="1.0"?>
<config xmlns:xsi="http://www.w3.org/2001/XMLSchema-instance" xsi:noNamespaceSchemaLocation="urn:magento:framework:Acl/etc/acl.xsd">
    <acl>
        <resources>
            <resource id="Magento_Backend::admin" title="Magento Admin">
                <resource id="Maas_Core::maas" title="Maas Maas">
                    <resource id="Maas_Log::importexport" title="Reports" sortOrder="20"/>
                </resource>
            </resource>
        </resources>
    </acl>
</config>
