<?xml version="1.0"?>
<config xmlns:xsi="http://www.w3.org/2001/XMLSchema-instance" xsi:noNamespaceSchemaLocation="urn:magento:module:Magento_Cron:etc/crontab.xsd">
    <group id="maas_log">
        <job name="maas_flush_old_log" instance="Maas\Log\Cron\FlushOldLog" method="execute">
            <schedule>0 0 1 * *</schedule>
        </job>
        <job name="maas_front_checker" instance="Maas\Log\Cron\FrontResponseLogger" method="execute">
            <schedule>* * * * *</schedule>
        </job>
    </group>
</config>
