<?xml version="1.0"?>
<config xmlns:xsi="http://www.w3.org/2001/XMLSchema-instance" xsi:noNamespaceSchemaLocation="urn:magento:framework:ObjectManager/etc/config.xsd">
    <type name="Magento\Framework\Console\CommandList">
        <arguments>
            <argument name="commands" xsi:type="array">
                <item name="maas_log_flush" xsi:type="object">Maas\Log\Console\Command\FlushLog</item>
                <item name="maas_log_front_checker" xsi:type="object">Maas\Log\Console\Command\FrontChecker</item>
            </argument>
        </arguments>
    </type>
    <preference for="Maas\Log\Api\Data\ReportInterface" type="Maas\Log\Model\Report"/>
    <preference for="Maas\Log\Api\ReportRepositoryInterface" type="Maas\Log\Model\ReportRepository"/>
    <preference for="Maas\Log\Api\ReportManagementInterface" type="Maas\Log\Model\ReportManagement"/>
    <preference for="Maas\Log\Api\Data\ReportSearchResultsInterface" type="Magento\Framework\Api\SearchResults"/>

    <virtualType name="Maas\Log\Model\Report\Source\Dynamic\OperationType" type="Maas\Log\Model\Report\Source\Dynamic">
        <arguments>
            <argument name="column" xsi:type="string">operation_type</argument>
            <argument name="translate" xsi:type="boolean">false</argument>
        </arguments>
    </virtualType>
    <virtualType name="Maas\Log\Model\Report\Source\Dynamic\Action" type="Maas\Log\Model\Report\Source\Dynamic">
        <arguments>
            <argument name="column" xsi:type="string">action</argument>
            <argument name="translate" xsi:type="boolean">true</argument>
        </arguments>
    </virtualType>

</config>
