<?xml version="1.0"?>
<config xmlns:xsi="http://www.w3.org/2001/XMLSchema-instance" xsi:noNamespaceSchemaLocation="urn:magento:module:Magento_Config:etc/system_file.xsd">
    <system>
        <section id="maas_orders">
            <resource>Maas_SplitOrder::config</resource>
            <group id="split_order" showInDefault="1" showInStore="0" showInWebsite="1" sortOrder="10" translate="label">
                <label>Split Order By Seller</label>
                <field id="active" translate="label" type="select" sortOrder="10" showInDefault="1" showInWebsite="0" showInStore="0">
                    <label>Enabled</label>
                    <source_model>Magento\Config\Model\Config\Source\Yesno</source_model>
                </field>
            </group>
        </section>
    </system>
</config>
