<?xml version="1.0"?>
<config xmlns:xsi="http://www.w3.org/2001/XMLSchema-instance" xsi:noNamespaceSchemaLocation="urn:magento:module:Magento_Config:etc/system_file.xsd">
    <system>
        <tab id="maas_plugin" translate="label" sortOrder="200" class="octopia-configuration">
            <label>Octopia</label>
        </tab>
        <section id="maas_general" translate="label" sortOrder="10" showInDefault="1" showInWebsite="1" showInStore="1">
            <class>separator-top</class>
            <label>General Configuration</label>
            <tab>maas_plugin</tab>
            <resource>Maas_Core::config</resource>
            <group id="general" translate="label" type="text" sortOrder="10" showInDefault="1" showInWebsite="0" showInStore="0">
                <label>General Configuration</label>
                <field id="enable" translate="label" type="select" sortOrder="1" showInDefault="1" showInWebsite="0" showInStore="0">
                    <label>Enable Module</label>
                    <source_model>Magento\Config\Model\Config\Source\Yesno</source_model>
                    <backend_model>Maas\Core\Model\Config\Backend\CronFrequency</backend_model>
                </field>
            </group>
            <group id="advanced" translate="label" sortOrder="30" showInDefault="1" showInWebsite="0" showInStore="0">
                <label>Advanced Configuration</label>
                <field id="job_timeout" translate="label comment" type="text" sortOrder="1" showInDefault="1" showInWebsite="0" showInStore="0">
                    <label>Job timeout</label>
                    <comment>Automatic release of cron execution after X minutes</comment>
                </field>
            </group>
        </section>
    </system>
</config>
