<?xml version="1.0"?>
<schema xmlns:xsi="http://www.w3.org/2001/XMLSchema-instance" xsi:noNamespaceSchemaLocation="urn:magento:framework:Setup/Declaration/Schema/etc/schema.xsd">
  <table name="maas_sales_shipment_info" resource="default" engine="innodb" comment="maas_sales_shipment_info Table">
    <column xsi:type="int" name="shipment_id" padding="10" unsigned="true" nullable="false" identity="true" comment="Shipment Id"/>
    <column xsi:type="varchar" name="tracking_url" nullable="true" length="255" comment="Tracking URL"/>
    <constraint xsi:type="primary" referenceId="PRIMARY">
      <column name="shipment_id"/>
    </constraint>
    <constraint xsi:type="foreign" referenceId="MAAS_SALES_SHIPMENT_INFO_SHIPMENT_ID_SALES_SHIPMENT_ENTITY_ID" table="maas_sales_shipment_info" column="shipment_id" referenceTable="sales_shipment" referenceColumn="entity_id" onDelete="CASCADE"/>
  </table>
</schema>
