<?xml version="1.0"?>
<config xmlns:xsi="http://www.w3.org/2001/XMLSchema-instance" xsi:noNamespaceSchemaLocation="urn:magento:framework:ObjectManager/etc/config.xsd">
    <type name="Magento\Framework\View\Element\UiComponent\DataProvider\CollectionFactory">
        <arguments>
            <argument name="collections" xsi:type="array">
                <item name="maas_shipping_carrier_listing_data_source" xsi:type="string">Maas\Shipping\Model\ResourceModel\Carrier\Grid\Collection</item>
            </argument>
        </arguments>
    </type>
    <type name="Maas\Shipping\Model\ResourceModel\Carrier\Grid\Collection">
        <arguments>
            <argument name="mainTable" xsi:type="string">maas_carrier</argument>
            <argument name="resourceModel" xsi:type="string">\Maas\Shipping\Model\ResourceModel\Carrier</argument>
        </arguments>
    </type>

    <type name="Magento\Shipping\Model\Shipping">
        <plugin name="maas_shipping_set_free_shipping" type="Maas\Shipping\Plugin\Amount\SetFreeShippingToMaasProducts"/>
    </type>
    <type name="Magento\Quote\Model\Quote\Address\Rate">
        <plugin name="maas_shipping_add_shipping_amount" type="Maas\Shipping\Plugin\Amount\AddShippingAmountToRates"/>
    </type>

    <type name="Magento\Quote\Model\Quote\Address">
        <plugin name="maas_shipping_save_context" type="Maas\Shipping\Plugin\Amount\SaveShippingRateContext"/>
    </type>
    <preference for="Maas\Shipping\Api\Data\ShippingInformationExtensionInterface" type="Maas\Shipping\Model\ShippingInformationExtension"/>


    <type name="Magento\Checkout\Api\ShippingInformationManagementInterface">
        <plugin name="maas_checkout_save_marketplace_shipping_methods" type="Maas\Shipping\Plugin\Checkout\SaveMarketplaceShipmentMethods"/>
    </type>
    <type name="Magento\Quote\Api\CartManagementInterface">
        <plugin name="maas_apply_mkp_shipments_on_onepage_checkout" type="Maas\Shipping\Plugin\Checkout\ApplyOnCheckout"/>
    </type>
    <type name="Magento\Multishipping\Model\Checkout\Type\Multishipping">
        <plugin name="maas_apply_mkp_shipments_on_multshipping_checkout" type="Maas\Shipping\Plugin\Checkout\ApplyOnMultishippingCheckout"/>
    </type>
    <type name="Magento\Checkout\Api\GuestPaymentInformationManagementInterface">
        <plugin name="maas_apply_mkp_shipments_on_payment_save" type="Maas\Shipping\Plugin\Checkout\ApplyOnGuestPaymentSave"/>
    </type>
    <type name="Magento\Checkout\Api\PaymentInformationManagementInterface">
        <plugin name="maas_apply_mkp_shipments_on_payment_save" type="Maas\Shipping\Plugin\Checkout\ApplyOnPaymentSave"/>
    </type>
    <type name="Magento\Quote\Api\CartTotalRepositoryInterface">
        <plugin name="maas_add_shipping_info_to_total_items" type="Maas\Shipping\Plugin\Checkout\AddDeliveryEstimationToTotalItems"/>
    </type>

    <preference for="Maas\Shipping\Api\ShippingMethodManagementInterface" type="Maas\Shipping\Model\ShippingMethodManagement"/>
    <preference for="Maas\Shipping\Api\Data\AvailableShippingMethodsInterface" type="Maas\Shipping\Model\AvailableShippingMethods"/>
    <preference for="Maas\Shipping\Api\Data\AvailableShippingMethodsItemInterface" type="Maas\Shipping\Model\AvailableShippingMethodsItem"/>

    <preference for="Maas\Shipping\Api\Data\SelectedShippingMethodInterface" type="Maas\Shipping\Model\SelectedShippingMethod"/>

    <type name="Magento\Checkout\Model\DefaultConfigProvider">
        <plugin name="maas_add_shipping_info_to_cart_items" type="Maas\Shipping\Plugin\Checkout\Cart\LoadShippingMethodsForCartItems"/>
    </type>

    <type name="Magento\Checkout\Api\TotalsInformationManagementInterface">
        <plugin name="maas_use_mkt_methods_in_shipping_price" type="Maas\Shipping\Plugin\Checkout\Cart\UseMarketplaceMethodsInShippingPrice"/>
    </type>
    <type name="Magento\Checkout\Api\GuestTotalsInformationManagementInterface">
        <plugin name="maas_use_mkt_methods_in_shipping_price" type="Maas\Shipping\Plugin\Checkout\Cart\UseMarketplaceMethodsInShippingPriceGuest"/>
    </type>

    <preference for="Maas\Shipping\Api\Data\SalesShipmentInfoInterface" type="Maas\Shipping\Model\SalesShipmentInfo"/>
    <preference for="Maas\Shipping\Api\SalesShipmentInfoRepositoryInterface" type="Maas\Shipping\Model\SalesShipmentInfoRepository"/>
    <preference for="Maas\Shipping\Api\Data\SalesShipmentInfoSearchResultsInterface" type="Magento\Framework\Api\SearchResults"/>

    <type name="Magento\Shipping\Helper\Data">
        <plugin name="maas_replace_tracking_url" type="Maas\Shipping\Plugin\TrackingUrlReplacer"/>
    </type>

    <type name="Magento\SalesRule\Model\Quote\Address\Total\ShippingDiscount">
        <plugin name="maas_discounted_shipping_amount_store" type="Maas\Shipping\Plugin\DiscountedShippingAmountStore"/>
    </type>
    <!-- Repositories -->
    <type name="Maas\Shipping\Model\SalesShipmentInfoRepository">
        <arguments>
            <argument name="resource" xsi:type="object">Maas\Shipping\Model\ResourceModel\SalesShipmentInfo</argument>
            <argument name="modelFactory" xsi:type="object">Maas\Shipping\Model\SalesShipmentInfoFactory</argument>
            <argument name="searchResultsFactory" xsi:type="object">Maas\Shipping\Api\Data\SalesShipmentInfoSearchResultsInterfaceFactory</argument>
            <argument name="collectionFactory" xsi:type="object">Maas\Shipping\Model\ResourceModel\SalesShipmentInfo\CollectionFactory</argument>
        </arguments>
    </type>
</config>
