<?xml version="1.0"?>
<config xmlns:xsi="http://www.w3.org/2001/XMLSchema-instance" xsi:noNamespaceSchemaLocation="urn:magento:framework:Event/etc/events.xsd">
    <event name="sales_quote_item_set_product">
        <observer name="maas_shipping_remove_weight_from_marketplace_product" instance="Maas\Shipping\Observer\RemoveWeightFromMarketplaceProduct"/>
    </event>

    <event name="sales_model_service_quote_submit_success">
        <observer name="maas_shipping_update_shipping" instance="Maas\Shipping\Observer\Checkout\UpdateShippingMethodOnQuoteSubmit"/>
    </event>

    <event name="checkout_cart_product_add_after">
        <observer name="maas_shipping_reset_shipping_on_core_add" instance="Maas\Shipping\Observer\ResetCartShippingMethodOnCoreProductAdd"/>
    </event>

    <event name="maas_sales_quote_item_to_order_item_copy">
        <observer name="maas_shipping_copy_shipping_data_to_order_item" instance="Maas\Shipping\Observer\Checkout\CopyShippingDataFromQuoteItemToOrderItem"/>
    </event>

    <event name="checkout_type_multishipping_create_orders_single">
        <observer name="maas_shipping_copy_shipping_data_to_order_item" instance="Maas\Shipping\Observer\Checkout\Multishipping\CopyShippingDataFromQuoteAddressItemsToOrderItems"/>
    </event>

    <event name="maas_sales_edit_address_data_on_copy">
        <observer name="maas_shipping_copy_shipping_data_to_order_item" instance="Maas\Shipping\Observer\Checkout\SetMaasMethodToMarketplaceAddressOnCopy"/>
    </event>


    <event name="sales_order_shipment_load_after">
        <observer name="maas_shipping_shipment_load_after" instance="Maas\Shipping\Observer\ExtensionAttributes\Shipment\ShipmentLoadAfter"/>
    </event>
    <event name="sales_order_shipment_collection_load_after">
        <observer name="maas_shipping_shipment_collection_load_after" instance="Maas\Shipping\Observer\ExtensionAttributes\Shipment\ShipmentCollectionLoadAfter"/>
    </event>
    <event name="sales_order_shipment_save_before">
        <observer name="maas_shipping_shipment_save_before" instance="Maas\Shipping\Observer\ExtensionAttributes\Shipment\ShipmentSaveBefore"/>
    </event>
    <event name="sales_order_shipment_save_after">
        <observer name="maas_shipping_shipment_save_after" instance="Maas\Shipping\Observer\ExtensionAttributes\Shipment\ShipmentSaveAfter"/>
    </event>
</config>
