<?xml version="1.0"?>
<config xmlns:xsi="http://www.w3.org/2001/XMLSchema-instance" xsi:noNamespaceSchemaLocation="urn:magento:framework:Api/etc/extension_attributes.xsd">
    <extension_attributes for="Magento\Checkout\Api\Data\ShippingInformationInterface">
        <attribute code="marketplace_shipping_methods" type="Maas\Shipping\Api\Data\ShippingInformationExtensionInterface[]">
            <resources>
                <resource ref="anonymous"/>
            </resources>
        </attribute>
    </extension_attributes>
    <extension_attributes for="Magento\Quote\Api\Data\TotalsItemInterface">
        <attribute code="maas_shipping_label" type="string">
            <resources>
                <resource ref="anonymous"/>
            </resources>
        </attribute>
        <attribute code="maas_shipping_estimation" type="string">
            <resources>
                <resource ref="anonymous"/>
            </resources>
        </attribute>
    </extension_attributes>
    <extension_attributes for="Magento\Quote\Api\Data\CartItemInterface">
        <attribute code="maas_available_shipping_methods" type="Maas\Catalog\Api\Data\ShippingMethodInterface[]">
            <resources>
                <resource ref="anonymous"/>
            </resources>
        </attribute>
    </extension_attributes>
    <extension_attributes for="Magento\Checkout\Api\Data\TotalsInformationInterface">
        <attribute code="maas_selected_shipping_methods" type="Maas\Shipping\Api\Data\SelectedShippingMethodInterface[]">
            <resources>
                <resource ref="anonymous"/>
            </resources>
        </attribute>
    </extension_attributes>
    <extension_attributes for="Magento\Quote\Api\Data\TotalSegmentInterface">
        <attribute code="maas_shipping_label_in_total" type="string">
            <resources>
                <resource ref="anonymous"/>
            </resources>
        </attribute>
    </extension_attributes>
    <extension_attributes for="Magento\Sales\Api\Data\ShipmentInterface">
        <attribute code="extra_info" type="Maas\Shipping\Api\Data\SalesShipmentInfoInterface">
            <resources>
                <resource ref="anonymous"/>
            </resources>
            <join reference_table="maas_sales_shipment_info" reference_field="shipment_id" join_on_field="entity_id">
                <field>*</field>
            </join>
        </attribute>
    </extension_attributes>
</config>
