<?xml version="1.0" encoding="UTF-8"?>
<config xmlns:xsi="http://www.w3.org/2001/XMLSchema-instance" xsi:noNamespaceSchemaLocation="urn:magento:framework:Module/etc/module.xsd">
    <module name="Maas_Shipping" setup_version="1.0.0">
        <sequence>
            <module name="Maas_Core"/>
            <module name="Maas_Sales"/>
            <module name="Magento_Sales"/>
            <module name="Magento_Shipping"/>
            <module name="Magento_Config"/>
        </sequence>
    </module>
</config>
