[
  {
    "id": "TM",
    "categoryId": "TM",
    "label": "TAXES",
    "level": 1,
    "parentCategoryId": null,
    "attributes": null,
    "updatedAt": "2022-01-05 12:00:00"
  },
  {
    "id": "TM01",
    "categoryId": "TM01",
    "label": "TAXES MARJANE",
    "level": 2,
    "parentCategoryId": "TM",
    "attributes": [
      {
        "code": "Att_60a37bc20e76a",
        "label": "Date de sortie march\u00e9",
        "required": "Recommended",
        "properties": {
          "backend_type": "varchar",
          "frontend_input": "text"
        }
      },
      {
        "code": "Att_60a37bc20e771",
        "label": "Edition",
        "required": "Recommended",
        "properties": {
          "backend_type": "int",
          "frontend_input": "select"
        }
      },
      {
        "code": "Att_60a37bc20e777",
        "label": "Titre du jeu"
      },
      {
        "code": "Att_60a37bc20eb00",
        "label": "Plus produit",
        "required": "Recommended",
        "properties": {
          "backend_type": "text",
          "frontend_input": "textarea"
        }
      },
      {
        "code": "Att_60a37bc20e77d",
        "label": "Description du produit",
        "required": "Recommended",
        "properties": {
          "backend_type": "text",
          "frontend_input": "textarea"
        }
      },
      {
        "code": "Att_60a37bc20e784",
        "label": "Plateforme",
        "required": "Recommended",
        "properties": {
          "backend_type": "varchar",
          "frontend_input": "multiselect"
        }
      },
      {
        "code": "Att_60a37bc20e78a",
        "label": "Licences",
        "required": "Recommended",
        "properties": {
          "backend_type": "varchar",
          "frontend_input": "multiselect"
        }
      },
      {
        "code": "Att_60a37bc20e790",
        "label": "Gamme de produit",
        "required": "Recommended",
        "properties": {
          "backend_type": "varchar",
          "frontend_input": "multiselect"
        }

      },
      {
        "code": "Att_60a37bc20e796",
        "label": "Support du produit",
        "required": "Recommended",
        "properties": {
          "backend_type": "varchar",
          "frontend_input": "multiselect"
        }
      },
      {
        "code": "Att_60a37bc20e79c",
        "label": "Editeur",
        "required": "Recommended",
        "properties": {
          "backend_type": "varchar",
          "frontend_input": "multiselect"
        }
      },
      {
        "code": "Att_60a37bc20e7a2",
        "label": "Studio de d\u00e9veloppement",
        "required": "Recommended",
        "properties": {
          "backend_type": "varchar",
          "frontend_input": "multiselect"
        }
      },
      {
        "code": "Att_60a37bc20e7a8",
        "label": "Genre du jeu vid\u00e9o",
        "required": "Recommended",
        "properties": {
          "backend_type": "varchar",
          "frontend_input": "multiselect"
        }
      },
      {
        "code": "Att_60a37bc20e7ae",
        "label": "Langues des menus",
        "required": "Recommended",
        "properties": {
          "backend_type": "varchar",
          "frontend_input": "multiselect"
        }
      },
      {
        "code": "Att_60a37bc20e7b4",
        "label": "PEGI - Classification",
        "required": "Recommended",
        "properties": {
          "backend_type": "varchar",
          "frontend_input": "multiselect"
        }
      },
      {
        "code": "Att_60a37bc20e7ba",
        "label": "PEGI - Public",
        "required": "Recommended",
        "properties": {
          "backend_type": "int",
          "frontend_input": "select"
        }
      },
      {
        "code": "Att_60a37bc20e7c0",
        "label": "Nombre de joueurs",
        "required": "Recommended",
        "properties": {
          "backend_type": "varchar",
          "frontend_input": "text"
        }
      },
      {
        "code": "Att_60a37bc20e7c6",
        "label": "Rating USK",
        "required": "Recommended",
        "properties": {
          "backend_type": "int",
          "frontend_input": "select"
        }
      },
      {
        "code": "Att_60a37bc20e7cc",
        "label": "Rating ESRB",
        "required": "Recommended",
        "properties": {
          "backend_type": "varchar",
          "frontend_input": "multiselect"
        }
      },
      {
        "code": "Att_60a37bc20e7d2",
        "label": "Rating ESRB - Description",
        "required": "Recommended",
        "properties": {
          "backend_type": "varchar",
          "frontend_input": "text"
        }
      },
      {
        "code": "Att_60a37bc20e7d8",
        "label": "Mode en ligne",
        "required": "Recommended",
        "properties": {
          "backend_type": "int",
          "frontend_input": "select"
        }
      },
      {
        "code": "Att_60a37bc20e7de",
        "label": "Mode r\u00e9seau",
        "required": "Recommended",
        "properties": {
          "backend_type": "int",
          "frontend_input": "select"
        }
      },
      {
        "code": "Att_60a37bc20eb2b",
        "label": "Version",
        "required": "Recommended",
        "properties": {
          "backend_type": "int",
          "frontend_input": "select"
        }
      },
      {
        "code": "Att_60a37bc20eb37",
        "label": "Pack",
        "required": "Recommended",
        "properties": {
          "backend_type": "int",
          "frontend_input": "select"
        }
      },
      {
        "code": "Att_60a37bc20eb61",
        "label": "Technologie",
        "required": "Recommended",
        "properties": {
          "backend_type": "int",
          "frontend_input": "select"
        }
      },
      {
        "code": "Att_60a37bc20f092",
        "label": "Langue de la voix",
        "required": "Recommended",
        "properties": {
          "backend_type": "varchar",
          "frontend_input": "multiselect"
        }
      },
      {
        "code": "Att_60a37bc20edd6",
        "label": "Plateforme",
        "required": "Recommended",
        "properties": {
          "backend_type": "varchar",
          "frontend_input": "multiselect"
        }
      }
    ],
    "updatedAt": "2021-05-16 13:51:29"
  },
  {
    "id": "TM02",
    "categoryId": "TM02",
    "label": "TAXES CASINO",
    "level": 2,
    "parentCategoryId": "TM",
    "attributes": [
      {
        "code": "Att_60a37bc20e76a",
        "label": "Date de sortie march\u00e9",
        "required": "Recommended",
        "properties": {
          "backend_type": "varchar",
          "frontend_input": "text"
        }
      },
      {
        "code": "Att_60a37bc20e771",
        "label": "Edition",
        "required": "Recommended",
        "properties": {
          "backend_type": "int",
          "frontend_input": "select"
        }
      },
      {
        "code": "Att_60a37bc20e777",
        "label": "Titre du jeu"
      },
      {
        "code": "Att_60a37bc20eb00",
        "label": "Plus produit",
        "required": "Recommended",
        "properties": {
          "backend_type": "text",
          "frontend_input": "textarea"
        }
      },
      {
        "code": "Att_60a37bc20e77d",
        "label": "Description du produit",
        "required": "Recommended",
        "properties": {
          "backend_type": "text",
          "frontend_input": "textarea"
        }
      },
      {
        "code": "Att_60a37bc20e784",
        "label": "Plateforme",
        "required": "Recommended",
        "properties": {
          "backend_type": "varchar",
          "frontend_input": "multiselect"
        }
      },
      {
        "code": "Att_60a37bc20e78a",
        "label": "Licences",
        "required": "Recommended",
        "properties": {
          "backend_type": "varchar",
          "frontend_input": "multiselect"
        }
      },
      {
        "code": "Att_60a37bc20e790",
        "label": "Gamme de produit",
        "required": "Recommended",
        "properties": {
          "backend_type": "varchar",
          "frontend_input": "multiselect"
        }

      },
      {
        "code": "Att_60a37bc20e796",
        "label": "Support du produit",
        "required": "Recommended",
        "properties": {
          "backend_type": "varchar",
          "frontend_input": "multiselect"
        }
      },
      {
        "code": "Att_60a37bc20e79c",
        "label": "Editeur",
        "required": "Recommended",
        "properties": {
          "backend_type": "varchar",
          "frontend_input": "multiselect"
        }
      },
      {
        "code": "Att_60a37bc20e7a2",
        "label": "Studio de d\u00e9veloppement",
        "required": "Recommended",
        "properties": {
          "backend_type": "varchar",
          "frontend_input": "multiselect"
        }
      },
      {
        "code": "Att_60a37bc20e7a8",
        "label": "Genre du jeu vid\u00e9o",
        "required": "Recommended",
        "properties": {
          "backend_type": "varchar",
          "frontend_input": "multiselect"
        }
      },
      {
        "code": "Att_60a37bc20e7ae",
        "label": "Langues des menus",
        "required": "Recommended",
        "properties": {
          "backend_type": "varchar",
          "frontend_input": "multiselect"
        }
      },
      {
        "code": "Att_60a37bc20e7b4",
        "label": "PEGI - Classification",
        "required": "Recommended",
        "properties": {
          "backend_type": "varchar",
          "frontend_input": "multiselect"
        }
      },
      {
        "code": "Att_60a37bc20e7ba",
        "label": "PEGI - Public",
        "required": "Recommended",
        "properties": {
          "backend_type": "int",
          "frontend_input": "select"
        }
      },
      {
        "code": "Att_60a37bc20e7c0",
        "label": "Nombre de joueurs",
        "required": "Recommended",
        "properties": {
          "backend_type": "varchar",
          "frontend_input": "text"
        }
      },
      {
        "code": "Att_60a37bc20e7c6",
        "label": "Rating USK",
        "required": "Recommended",
        "properties": {
          "backend_type": "int",
          "frontend_input": "select"
        }
      },
      {
        "code": "Att_60a37bc20e7cc",
        "label": "Rating ESRB",
        "required": "Recommended",
        "properties": {
          "backend_type": "varchar",
          "frontend_input": "multiselect"
        }
      },
      {
        "code": "Att_60a37bc20e7d2",
        "label": "Rating ESRB - Description",
        "required": "Recommended",
        "properties": {
          "backend_type": "varchar",
          "frontend_input": "text"
        }
      },
      {
        "code": "Att_60a37bc20e7d8",
        "label": "Mode en ligne",
        "required": "Recommended",
        "properties": {
          "backend_type": "int",
          "frontend_input": "select"
        }
      },
      {
        "code": "Att_60a37bc20e7de",
        "label": "Mode r\u00e9seau",
        "required": "Recommended",
        "properties": {
          "backend_type": "int",
          "frontend_input": "select"
        }
      },
      {
        "code": "Att_60a37bc20eb2b",
        "label": "Version",
        "required": "Recommended",
        "properties": {
          "backend_type": "int",
          "frontend_input": "select"
        }
      },
      {
        "code": "Att_60a37bc20eb37",
        "label": "Pack",
        "required": "Recommended",
        "properties": {
          "backend_type": "int",
          "frontend_input": "select"
        }
      },
      {
        "code": "Att_60a37bc20eb61",
        "label": "Technologie",
        "required": "Recommended",
        "properties": {
          "backend_type": "int",
          "frontend_input": "select"
        }
      },
      {
        "code": "Att_60a37bc20f092",
        "label": "Langue de la voix",
        "required": "Recommended",
        "properties": {
          "backend_type": "varchar",
          "frontend_input": "multiselect"
        }
      },
      {
        "code": "Att_60a37bc20edd6",
        "label": "Plateforme",
        "required": "Recommended",
        "properties": {
          "backend_type": "varchar",
          "frontend_input": "multiselect"
        }
      }
    ],
    "updatedAt": "2021-05-16 13:51:29"
  }
]