[
  {
    "offerId": "9999_9999999999999_1.1_TAXMAR",
    "product_id": "TM-1.1",
    "condition": {
      "condition": "New",
      "sub_condition": "NewNew",
      "comment": null
    },
    "seller": {
      "id": 9999,
      "name": "Taxes Marjane Vendeur Test"
    },
    "created_at": "2021-03-25T09:21:44.000000Z",
    "updated_at": "2021-03-25T09:21:44.000000Z",
    "status": "active",
    "bestOfferRank": "1",
    "price": {
      "offerId": "9999_9999999999999_1.1_TAXMAR",
      "price": 2000,
      "currency": "EUR",
      "taxes": [
        {
          "code": "Vat",
          "type": "RATE",
          "value": 0
        },
        {
          "code": "CustomsDuties",
          "type": "RATE",
          "value": 0
        },
        {
          "code": "ShippingVAT",
          "type": "RATE",
          "value": 0.14
        },
        {
          "code": "CustomsVAT",
          "type": "RATE",
          "value": 0
        }
      ],
      "originalPrice": 2000.00,
      "startDate": null,
      "endDate": null,
      "discountID": null,
      "created_at": "2021-03-25T09:21:44.000000Z",
      "updated_at": "2021-03-25T09:21:44.000000Z"
    },
    "inventory": {
      "offerId": "9999_9999999999999_1.1_TAXMAR",
      "stock": 99999,
      "supply_mode": "Seller",
      "deliveries": [
        {
          "mode": "EHD",
          "minDelay": 4,
          "maxDelay": 12,
          "shippingCost": 100,
          "additionalShippingCost": 0.0
        }
      ],
      "updated_at": "2021-03-25T09:21:44.000000Z"
    }
  },
  {
    "offerId": "9999_9999999999999_1.2_TAXMAR",
    "product_id": "TM-1.2",
    "condition": {
      "condition": "New",
      "sub_condition": "NewNew",
      "comment": null
    },
    "seller": {
      "id": 9999,
      "name": "Taxes Marjane Vendeur Test"
    },
    "created_at": "2021-03-25T09:21:44.000000Z",
    "updated_at": "2021-03-25T09:21:44.000000Z",
    "status": "active",
    "bestOfferRank": "1",
    "price": {
      "offerId": "9999_9999999999999_1.2_TAXMAR",
      "price": 1320,
      "currency": "EUR",
      "taxes": [
        {
          "code": "Vat",
          "type": "RATE",
          "value": 0.2
        },
        {
          "code": "CustomsDuties",
          "type": "RATE",
          "value": 0.025
        },
        {
          "code": "ShippingVAT",
          "type": "RATE",
          "value": 0.14
        },
        {
          "code": "CustomsVAT",
          "type": "RATE",
          "value": 0.2
        }
      ],
      "originalPrice": 1320.00,
      "startDate": null,
      "endDate": null,
      "discountID": null,
      "created_at": "2021-03-25T09:21:44.000000Z",
      "updated_at": "2021-03-25T09:21:44.000000Z"
    },
    "inventory": {
      "offerId": "9999_9999999999999_1.2_TAXMAR",
      "stock": 99999,
      "supply_mode": "Seller",
      "deliveries": [
        {
          "mode": "EHD",
          "minDelay": 4,
          "maxDelay": 12,
          "shippingCost": 100,
          "additionalShippingCost": 0.0
        }
      ],
      "updated_at": "2021-03-25T09:21:44.000000Z"
    }
  },
  {
    "offerId": "9999_9999999999999_1.3_TAXMAR",
    "product_id": "TM-1.3",
    "condition": {
      "condition": "New",
      "sub_condition": "NewNew",
      "comment": null
    },
    "seller": {
      "id": 9999,
      "name": "Taxes Marjane Vendeur Test"
    },
    "created_at": "2021-03-25T09:21:44.000000Z",
    "updated_at": "2021-03-25T09:21:44.000000Z",
    "status": "active",
    "bestOfferRank": "1",
    "price": {
      "offerId": "9999_9999999999999_1.3_TAXMAR",
      "price": 1800,
      "currency": "EUR",
      "taxes": [
        {
          "code": "Vat",
          "type": "RATE",
          "value": 0.2
        },
        {
          "code": "CustomsDuties",
          "type": "RATE",
          "value": 0.025
        },
        {
          "code": "ShippingVAT",
          "type": "RATE",
          "value": 0.14
        },
        {
          "code": "CustomsVAT",
          "type": "RATE",
          "value": 0.2
        }
      ],
      "originalPrice": 1800.00,
      "startDate": null,
      "endDate": null,
      "discountID": null,
      "created_at": "2021-03-25T09:21:44.000000Z",
      "updated_at": "2021-03-25T09:21:44.000000Z"
    },
    "inventory": {
      "offerId": "9999_9999999999999_1.3_TAXMAR",
      "stock": 99999,
      "supply_mode": "Seller",
      "deliveries": [
        {
          "mode": "EHD",
          "minDelay": 4,
          "maxDelay": 12,
          "shippingCost": 100,
          "additionalShippingCost": 0.0
        }
      ],
      "updated_at": "2021-03-25T09:21:44.000000Z"
    }
  },
  {
    "offerId": "9999_9999999999999_2.1_TAXMAR",
    "product_id": "TM-2.1",
    "condition": {
      "condition": "New",
      "sub_condition": "NewNew",
      "comment": null
    },
    "seller": {
      "id": 9999,
      "name": "Taxes Marjane Vendeur Test"
    },
    "created_at": "2021-03-25T09:21:44.000000Z",
    "updated_at": "2021-03-25T09:21:44.000000Z",
    "status": "active",
    "bestOfferRank": "1",
    "price": {
      "offerId": "9999_9999999999999_2.1_TAXMAR",
      "price": 2000,
      "currency": "EUR",
      "taxes": [
        {
          "code": "Vat",
          "type": "RATE",
          "value": 0
        },
        {
          "code": "CustomsDuties",
          "type": "RATE",
          "value": 0
        },
        {
          "code": "ShippingVAT",
          "type": "RATE",
          "value": 0.14
        },
        {
          "code": "CustomsVAT",
          "type": "RATE",
          "value": 0
        }
      ],
      "originalPrice": 2000.00,
      "startDate": null,
      "endDate": null,
      "discountID": null,
      "created_at": "2021-03-25T09:21:44.000000Z",
      "updated_at": "2021-03-25T09:21:44.000000Z"
    },
    "inventory": {
      "offerId": "9999_9999999999999_2.1_TAXMAR",
      "stock": 99999,
      "supply_mode": "Seller",
      "deliveries": [
        {
          "mode": "EHD",
          "minDelay": 4,
          "maxDelay": 12,
          "shippingCost": 100,
          "additionalShippingCost": 0.0
        }
      ],
      "updated_at": "2021-03-25T09:21:44.000000Z"
    }
  },
  {
    "offerId": "9999_9999999999999_2.2_TAXMAR",
    "product_id": "TM-2.2",
    "condition": {
      "condition": "New",
      "sub_condition": "NewNew",
      "comment": null
    },
    "seller": {
      "id": 9999,
      "name": "Taxes Marjane Vendeur Test"
    },
    "created_at": "2021-03-25T09:21:44.000000Z",
    "updated_at": "2021-03-25T09:21:44.000000Z",
    "status": "active",
    "bestOfferRank": "1",
    "price": {
      "offerId": "9999_9999999999999_2.2_TAXMAR",
      "price": 1320,
      "currency": "EUR",
      "taxes": [
        {
          "code": "Vat",
          "type": "RATE",
          "value": 0.2
        },
        {
          "code": "CustomsDuties",
          "type": "RATE",
          "value": 0.025
        },
        {
          "code": "ShippingVAT",
          "type": "RATE",
          "value": 0.14
        },
        {
          "code": "CustomsVAT",
          "type": "RATE",
          "value": 0.2
        }
      ],
      "originalPrice": 1320.00,
      "startDate": null,
      "endDate": null,
      "discountID": null,
      "created_at": "2021-03-25T09:21:44.000000Z",
      "updated_at": "2021-03-25T09:21:44.000000Z"
    },
    "inventory": {
      "offerId": "9999_9999999999999_2.2_TAXMAR",
      "stock": 99999,
      "supply_mode": "Seller",
      "deliveries": [
        {
          "mode": "EHD",
          "minDelay": 4,
          "maxDelay": 12,
          "shippingCost": 100,
          "additionalShippingCost": 0.0
        }
      ],
      "updated_at": "2021-03-25T09:21:44.000000Z"
    }
  },
  {
    "offerId": "9999_9999999999999_2.3_TAXMAR",
    "product_id": "TM-2.3",
    "condition": {
      "condition": "New",
      "sub_condition": "NewNew",
      "comment": null
    },
    "seller": {
      "id": 9999,
      "name": "Taxes Marjane Vendeur Test"
    },
    "created_at": "2021-03-25T09:21:44.000000Z",
    "updated_at": "2021-03-25T09:21:44.000000Z",
    "status": "active",
    "bestOfferRank": "1",
    "price": {
      "offerId": "9999_9999999999999_2.3_TAXMAR",
      "price": 1800,
      "currency": "EUR",
      "taxes": [
        {
          "code": "Vat",
          "type": "RATE",
          "value": 0.2
        },
        {
          "code": "CustomsDuties",
          "type": "RATE",
          "value": 0.025
        },
        {
          "code": "ShippingVAT",
          "type": "RATE",
          "value": 0.14
        },
        {
          "code": "CustomsVAT",
          "type": "RATE",
          "value": 0.2
        }
      ],
      "originalPrice": 1800.00,
      "startDate": null,
      "endDate": null,
      "discountID": null,
      "created_at": "2021-03-25T09:21:44.000000Z",
      "updated_at": "2021-03-25T09:21:44.000000Z"
    },
    "inventory": {
      "offerId": "9999_9999999999999_2.3_TAXMAR",
      "stock": 99999,
      "supply_mode": "Seller",
      "deliveries": [
        {
          "mode": "EHD",
          "minDelay": 4,
          "maxDelay": 12,
          "shippingCost": 100,
          "additionalShippingCost": 0.0
        }
      ],
      "updated_at": "2021-03-25T09:21:44.000000Z"
    }
  },
  {
    "offerId": "9999_9999999999999_3.1_TAXMAR",
    "product_id": "TM-3.1",
    "condition": {
      "condition": "New",
      "sub_condition": "NewNew",
      "comment": null
    },
    "seller": {
      "id": 9999,
      "name": "Taxes Marjane Vendeur Test"
    },
    "created_at": "2021-03-25T09:21:44.000000Z",
    "updated_at": "2021-03-25T09:21:44.000000Z",
    "status": "active",
    "bestOfferRank": "1",
    "price": {
      "offerId": "9999_9999999999999_3.1_TAXMAR",
      "price": 2000,
      "currency": "EUR",
      "taxes": [
        {
          "code": "Vat",
          "type": "RATE",
          "value": 0
        },
        {
          "code": "CustomsDuties",
          "type": "RATE",
          "value": 0
        },
        {
          "code": "ShippingVAT",
          "type": "RATE",
          "value": 0.14
        },
        {
          "code": "CustomsVAT",
          "type": "RATE",
          "value": 0
        }
      ],
      "originalPrice": 2000.00,
      "startDate": null,
      "endDate": null,
      "discountID": null,
      "created_at": "2021-03-25T09:21:44.000000Z",
      "updated_at": "2021-03-25T09:21:44.000000Z"
    },
    "inventory": {
      "offerId": "9999_9999999999999_3.1_TAXMAR",
      "stock": 99999,
      "supply_mode": "Seller",
      "deliveries": [
        {
          "mode": "EHD",
          "minDelay": 4,
          "maxDelay": 12,
          "shippingCost": 100,
          "additionalShippingCost": 0.0
        }
      ],
      "updated_at": "2021-03-25T09:21:44.000000Z"
    }
  },
  {
    "offerId": "9999_9999999999999_3.2_TAXMAR",
    "product_id": "TM-3.2",
    "condition": {
      "condition": "New",
      "sub_condition": "NewNew",
      "comment": null
    },
    "seller": {
      "id": 9999,
      "name": "Taxes Marjane Vendeur Test"
    },
    "created_at": "2021-03-25T09:21:44.000000Z",
    "updated_at": "2021-03-25T09:21:44.000000Z",
    "status": "active",
    "bestOfferRank": "1",
    "price": {
      "offerId": "9999_9999999999999_3.2_TAXMAR",
      "price": 1320,
      "currency": "EUR",
      "taxes": [
        {
          "code": "Vat",
          "type": "RATE",
          "value": 0.2
        },
        {
          "code": "CustomsDuties",
          "type": "RATE",
          "value": 0.025
        },
        {
          "code": "ShippingVAT",
          "type": "RATE",
          "value": 0.14
        },
        {
          "code": "CustomsVAT",
          "type": "RATE",
          "value": 0.2
        }
      ],
      "originalPrice": 1320.00,
      "startDate": null,
      "endDate": null,
      "discountID": null,
      "created_at": "2021-03-25T09:21:44.000000Z",
      "updated_at": "2021-03-25T09:21:44.000000Z"
    },
    "inventory": {
      "offerId": "9999_9999999999999_3.2_TAXMAR",
      "stock": 99999,
      "supply_mode": "Seller",
      "deliveries": [
        {
          "mode": "EHD",
          "minDelay": 4,
          "maxDelay": 12,
          "shippingCost": 100,
          "additionalShippingCost": 0.0
        }
      ],
      "updated_at": "2021-03-25T09:21:44.000000Z"
    }
  },
  {
    "offerId": "9999_9999999999999_3.3_TAXMAR",
    "product_id": "TM-3.3",
    "condition": {
      "condition": "New",
      "sub_condition": "NewNew",
      "comment": null
    },
    "seller": {
      "id": 9999,
      "name": "Taxes Marjane Vendeur Test"
    },
    "created_at": "2021-03-25T09:21:44.000000Z",
    "updated_at": "2021-03-25T09:21:44.000000Z",
    "status": "active",
    "bestOfferRank": "1",
    "price": {
      "offerId": "9999_9999999999999_3.3_TAXMAR",
      "price": 1800,
      "currency": "EUR",
      "taxes": [
        {
          "code": "Vat",
          "type": "RATE",
          "value": 0.2
        },
        {
          "code": "CustomsDuties",
          "type": "RATE",
          "value": 0.025
        },
        {
          "code": "ShippingVAT",
          "type": "RATE",
          "value": 0.14
        },
        {
          "code": "CustomsVAT",
          "type": "RATE",
          "value": 0.2
        }
      ],
      "originalPrice": 1800.00,
      "startDate": null,
      "endDate": null,
      "discountID": null,
      "created_at": "2021-03-25T09:21:44.000000Z",
      "updated_at": "2021-03-25T09:21:44.000000Z"
    },
    "inventory": {
      "offerId": "9999_9999999999999_3.3_TAXMAR",
      "stock": 99999,
      "supply_mode": "Seller",
      "deliveries": [
        {
          "mode": "EHD",
          "minDelay": 4,
          "maxDelay": 12,
          "shippingCost": 100,
          "additionalShippingCost": 0.0
        }
      ],
      "updated_at": "2021-03-25T09:21:44.000000Z"
    }
  },
  {
    "offerId": "9999_9999999999999_4.1_TAXMAR",
    "product_id": "TM-4.1",
    "condition": {
      "condition": "New",
      "sub_condition": "NewNew",
      "comment": null
    },
    "seller": {
      "id": 9999,
      "name": "Taxes Marjane Vendeur Test"
    },
    "created_at": "2021-03-25T09:21:44.000000Z",
    "updated_at": "2021-03-25T09:21:44.000000Z",
    "status": "active",
    "bestOfferRank": "1",
    "price": {
      "offerId": "9999_9999999999999_4.1_TAXMAR",
      "price": 2000,
      "currency": "EUR",
      "taxes": [
        {
          "code": "Vat",
          "type": "RATE",
          "value": 0
        },
        {
          "code": "CustomsDuties",
          "type": "RATE",
          "value": 0
        },
        {
          "code": "ShippingVAT",
          "type": "RATE",
          "value": 0.14
        },
        {
          "code": "CustomsVAT",
          "type": "RATE",
          "value": 0
        }
      ],
      "originalPrice": 2000.00,
      "startDate": null,
      "endDate": null,
      "discountID": null,
      "created_at": "2021-03-25T09:21:44.000000Z",
      "updated_at": "2021-03-25T09:21:44.000000Z"
    },
    "inventory": {
      "offerId": "9999_9999999999999_4.1_TAXMAR",
      "stock": 99999,
      "supply_mode": "Seller",
      "deliveries": [
        {
          "mode": "EHD",
          "minDelay": 4,
          "maxDelay": 12,
          "shippingCost": 100,
          "additionalShippingCost": 0.0
        }
      ],
      "updated_at": "2021-03-25T09:21:44.000000Z"
    }
  },
  {
    "offerId": "9999_9999999999999_4.2_TAXMAR",
    "product_id": "TM-4.2",
    "condition": {
      "condition": "New",
      "sub_condition": "NewNew",
      "comment": null
    },
    "seller": {
      "id": 9999,
      "name": "Taxes Marjane Vendeur Test"
    },
    "created_at": "2021-03-25T09:21:44.000000Z",
    "updated_at": "2021-03-25T09:21:44.000000Z",
    "status": "active",
    "bestOfferRank": "1",
    "price": {
      "offerId": "9999_9999999999999_4.2_TAXMAR",
      "price": 1320,
      "currency": "EUR",
      "taxes": [
        {
          "code": "Vat",
          "type": "RATE",
          "value": 0.2
        },
        {
          "code": "CustomsDuties",
          "type": "RATE",
          "value": 0.025
        },
        {
          "code": "ShippingVAT",
          "type": "RATE",
          "value": 0.14
        },
        {
          "code": "CustomsVAT",
          "type": "RATE",
          "value": 0.2
        }
      ],
      "originalPrice": 1320.00,
      "startDate": null,
      "endDate": null,
      "discountID": null,
      "created_at": "2021-03-25T09:21:44.000000Z",
      "updated_at": "2021-03-25T09:21:44.000000Z"
    },
    "inventory": {
      "offerId": "9999_9999999999999_4.2_TAXMAR",
      "stock": 99999,
      "supply_mode": "Seller",
      "deliveries": [
        {
          "mode": "EHD",
          "minDelay": 4,
          "maxDelay": 12,
          "shippingCost": 100,
          "additionalShippingCost": 0.0
        }
      ],
      "updated_at": "2021-03-25T09:21:44.000000Z"
    }
  },
  {
    "offerId": "9999_9999999999999_4.3_TAXMAR",
    "product_id": "TM-4.3",
    "condition": {
      "condition": "New",
      "sub_condition": "NewNew",
      "comment": null
    },
    "seller": {
      "id": 9999,
      "name": "Taxes Marjane Vendeur Test"
    },
    "created_at": "2021-03-25T09:21:44.000000Z",
    "updated_at": "2021-03-25T09:21:44.000000Z",
    "status": "active",
    "bestOfferRank": "1",
    "price": {
      "offerId": "9999_9999999999999_4.3_TAXMAR",
      "price": 1800,
      "currency": "EUR",
      "taxes": [
        {
          "code": "Vat",
          "type": "RATE",
          "value": 0.2
        },
        {
          "code": "CustomsDuties",
          "type": "RATE",
          "value": 0.025
        },
        {
          "code": "ShippingVAT",
          "type": "RATE",
          "value": 0.14
        },
        {
          "code": "CustomsVAT",
          "type": "RATE",
          "value": 0.2
        }
      ],
      "originalPrice": 1800.00,
      "startDate": null,
      "endDate": null,
      "discountID": null,
      "created_at": "2021-03-25T09:21:44.000000Z",
      "updated_at": "2021-03-25T09:21:44.000000Z"
    },
    "inventory": {
      "offerId": "9999_9999999999999_4.3_TAXMAR",
      "stock": 99999,
      "supply_mode": "Seller",
      "deliveries": [
        {
          "mode": "EHD",
          "minDelay": 4,
          "maxDelay": 12,
          "shippingCost": 100,
          "additionalShippingCost": 0.0
        }
      ],
      "updated_at": "2021-03-25T09:21:44.000000Z"
    }
  },
  {
    "offerId": "9999_9999999999999_5.1_TAXMAR",
    "product_id": "TM-5.1",
    "condition": {
      "condition": "New",
      "sub_condition": "NewNew",
      "comment": null
    },
    "seller": {
      "id": 9999,
      "name": "Taxes Marjane Vendeur Test"
    },
    "created_at": "2021-03-25T09:21:44.000000Z",
    "updated_at": "2021-03-25T09:21:44.000000Z",
    "status": "active",
    "bestOfferRank": "1",
    "price": {
      "offerId": "9999_9999999999999_5.1_TAXMAR",
      "price": 2000,
      "currency": "EUR",
      "taxes": [
        {
          "code": "Vat",
          "type": "RATE",
          "value": 0
        },
        {
          "code": "CustomsDuties",
          "type": "RATE",
          "value": 0
        },
        {
          "code": "ShippingVAT",
          "type": "RATE",
          "value": 0.14
        },
        {
          "code": "CustomsVAT",
          "type": "RATE",
          "value": 0
        }
      ],
      "originalPrice": 2000.00,
      "startDate": null,
      "endDate": null,
      "discountID": null,
      "created_at": "2021-03-25T09:21:44.000000Z",
      "updated_at": "2021-03-25T09:21:44.000000Z"
    },
    "inventory": {
      "offerId": "9999_9999999999999_5.1_TAXMAR",
      "stock": 99999,
      "supply_mode": "Seller",
      "deliveries": [
        {
          "mode": "EHD",
          "minDelay": 4,
          "maxDelay": 12,
          "shippingCost": 100,
          "additionalShippingCost": 0.0
        }
      ],
      "updated_at": "2021-03-25T09:21:44.000000Z"
    }
  },
  {
    "offerId": "9999_9999999999999_5.2_TAXMAR",
    "product_id": "TM-5.2",
    "condition": {
      "condition": "New",
      "sub_condition": "NewNew",
      "comment": null
    },
    "seller": {
      "id": 9999,
      "name": "Taxes Marjane Vendeur Test"
    },
    "created_at": "2021-03-25T09:21:44.000000Z",
    "updated_at": "2021-03-25T09:21:44.000000Z",
    "status": "active",
    "bestOfferRank": "1",
    "price": {
      "offerId": "9999_9999999999999_5.2_TAXMAR",
      "price": 1320,
      "currency": "EUR",
      "taxes": [
        {
          "code": "Vat",
          "type": "RATE",
          "value": 0.2
        },
        {
          "code": "CustomsDuties",
          "type": "RATE",
          "value": 0.025
        },
        {
          "code": "ShippingVAT",
          "type": "RATE",
          "value": 0.14
        },
        {
          "code": "CustomsVAT",
          "type": "RATE",
          "value": 0.2
        }
      ],
      "originalPrice": 1320.00,
      "startDate": null,
      "endDate": null,
      "discountID": null,
      "created_at": "2021-03-25T09:21:44.000000Z",
      "updated_at": "2021-03-25T09:21:44.000000Z"
    },
    "inventory": {
      "offerId": "9999_9999999999999_5.2_TAXMAR",
      "stock": 99999,
      "supply_mode": "Seller",
      "deliveries": [
        {
          "mode": "EHD",
          "minDelay": 4,
          "maxDelay": 12,
          "shippingCost": 100,
          "additionalShippingCost": 0.0
        }
      ],
      "updated_at": "2021-03-25T09:21:44.000000Z"
    }
  },
  {
    "offerId": "9999_9999999999999_5.3_TAXMAR",
    "product_id": "TM-5.3",
    "condition": {
      "condition": "New",
      "sub_condition": "NewNew",
      "comment": null
    },
    "seller": {
      "id": 9999,
      "name": "Taxes Marjane Vendeur Test"
    },
    "created_at": "2021-03-25T09:21:44.000000Z",
    "updated_at": "2021-03-25T09:21:44.000000Z",
    "status": "active",
    "bestOfferRank": "1",
    "price": {
      "offerId": "9999_9999999999999_5.3_TAXMAR",
      "price": 1800,
      "currency": "EUR",
      "taxes": [
        {
          "code": "Vat",
          "type": "RATE",
          "value": 0.2
        },
        {
          "code": "CustomsDuties",
          "type": "RATE",
          "value": 0.025
        },
        {
          "code": "ShippingVAT",
          "type": "RATE",
          "value": 0.14
        },
        {
          "code": "CustomsVAT",
          "type": "RATE",
          "value": 0.2
        }
      ],
      "originalPrice": 1800.00,
      "startDate": null,
      "endDate": null,
      "discountID": null,
      "created_at": "2021-03-25T09:21:44.000000Z",
      "updated_at": "2021-03-25T09:21:44.000000Z"
    },
    "inventory": {
      "offerId": "9999_9999999999999_5.3_TAXMAR",
      "stock": 99999,
      "supply_mode": "Seller",
      "deliveries": [
        {
          "mode": "EHD",
          "minDelay": 4,
          "maxDelay": 12,
          "shippingCost": 100,
          "additionalShippingCost": 0.0
        }
      ],
      "updated_at": "2021-03-25T09:21:44.000000Z"
    }
  },
  {
    "offerId": "9999_9999999999999_6.1_TAXMAR",
    "product_id": "TM-6.1",
    "condition": {
      "condition": "New",
      "sub_condition": "NewNew",
      "comment": null
    },
    "seller": {
      "id": 9999,
      "name": "Taxes Marjane Vendeur Test"
    },
    "created_at": "2021-03-25T09:21:44.000000Z",
    "updated_at": "2021-03-25T09:21:44.000000Z",
    "status": "active",
    "bestOfferRank": "1",
    "price": {
      "offerId": "9999_9999999999999_6.1_TAXMAR",
      "price": 2000,
      "currency": "EUR",
      "taxes": [
        {
          "code": "Vat",
          "type": "RATE",
          "value": 0
        },
        {
          "code": "CustomsDuties",
          "type": "RATE",
          "value": 0
        },
        {
          "code": "ShippingVAT",
          "type": "RATE",
          "value": 0.14
        },
        {
          "code": "CustomsVAT",
          "type": "RATE",
          "value": 0
        }
      ],
      "originalPrice": 2000.00,
      "startDate": null,
      "endDate": null,
      "discountID": null,
      "created_at": "2021-03-25T09:21:44.000000Z",
      "updated_at": "2021-03-25T09:21:44.000000Z"
    },
    "inventory": {
      "offerId": "9999_9999999999999_6.1_TAXMAR",
      "stock": 99999,
      "supply_mode": "Seller",
      "deliveries": [
        {
          "mode": "EHD",
          "minDelay": 4,
          "maxDelay": 12,
          "shippingCost": 100,
          "additionalShippingCost": 0.0
        }
      ],
      "updated_at": "2021-03-25T09:21:44.000000Z"
    }
  },
  {
    "offerId": "9999_9999999999999_6.2_TAXMAR",
    "product_id": "TM-6.2",
    "condition": {
      "condition": "New",
      "sub_condition": "NewNew",
      "comment": null
    },
    "seller": {
      "id": 9999,
      "name": "Taxes Marjane Vendeur Test"
    },
    "created_at": "2021-03-25T09:21:44.000000Z",
    "updated_at": "2021-03-25T09:21:44.000000Z",
    "status": "active",
    "bestOfferRank": "1",
    "price": {
      "offerId": "9999_9999999999999_6.2_TAXMAR",
      "price": 1320,
      "currency": "EUR",
      "taxes": [
        {
          "code": "Vat",
          "type": "RATE",
          "value": 0.2
        },
        {
          "code": "CustomsDuties",
          "type": "RATE",
          "value": 0.025
        },
        {
          "code": "ShippingVAT",
          "type": "RATE",
          "value": 0.14
        },
        {
          "code": "CustomsVAT",
          "type": "RATE",
          "value": 0.2
        }
      ],
      "originalPrice": 1320.00,
      "startDate": null,
      "endDate": null,
      "discountID": null,
      "created_at": "2021-03-25T09:21:44.000000Z",
      "updated_at": "2021-03-25T09:21:44.000000Z"
    },
    "inventory": {
      "offerId": "9999_9999999999999_6.2_TAXMAR",
      "stock": 99999,
      "supply_mode": "Seller",
      "deliveries": [
        {
          "mode": "EHD",
          "minDelay": 4,
          "maxDelay": 12,
          "shippingCost": 100,
          "additionalShippingCost": 0.0
        }
      ],
      "updated_at": "2021-03-25T09:21:44.000000Z"
    }
  },
  {
    "offerId": "9999_9999999999999_6.3_TAXMAR",
    "product_id": "TM-6.3",
    "condition": {
      "condition": "New",
      "sub_condition": "NewNew",
      "comment": null
    },
    "seller": {
      "id": 9999,
      "name": "Taxes Marjane Vendeur Test"
    },
    "created_at": "2021-03-25T09:21:44.000000Z",
    "updated_at": "2021-03-25T09:21:44.000000Z",
    "status": "active",
    "bestOfferRank": "1",
    "price": {
      "offerId": "9999_9999999999999_6.3_TAXMAR",
      "price": 1800,
      "currency": "EUR",
      "taxes": [
        {
          "code": "Vat",
          "type": "RATE",
          "value": 0.2
        },
        {
          "code": "CustomsDuties",
          "type": "RATE",
          "value": 0.025
        },
        {
          "code": "ShippingVAT",
          "type": "RATE",
          "value": 0.14
        },
        {
          "code": "CustomsVAT",
          "type": "RATE",
          "value": 0.2
        }
      ],
      "originalPrice": 1800.00,
      "startDate": null,
      "endDate": null,
      "discountID": null,
      "created_at": "2021-03-25T09:21:44.000000Z",
      "updated_at": "2021-03-25T09:21:44.000000Z"
    },
    "inventory": {
      "offerId": "9999_9999999999999_6.3_TAXMAR",
      "stock": 99999,
      "supply_mode": "Seller",
      "deliveries": [
        {
          "mode": "EHD",
          "minDelay": 4,
          "maxDelay": 12,
          "shippingCost": 100,
          "additionalShippingCost": 0.0
        }
      ],
      "updated_at": "2021-03-25T09:21:44.000000Z"
    }
  },
  {
    "offerId": "9999_9999999999999_7.1_TAXMAR",
    "product_id": "TM-7.1",
    "condition": {
      "condition": "New",
      "sub_condition": "NewNew",
      "comment": null
    },
    "seller": {
      "id": 9999,
      "name": "Taxes Marjane Vendeur Test"
    },
    "created_at": "2021-03-25T09:21:44.000000Z",
    "updated_at": "2021-03-25T09:21:44.000000Z",
    "status": "active",
    "bestOfferRank": "1",
    "price": {
      "offerId": "9999_9999999999999_7.1_TAXMAR",
      "price": 2000,
      "currency": "EUR",
      "taxes": [
        {
          "code": "Vat",
          "type": "RATE",
          "value": 0
        },
        {
          "code": "CustomsDuties",
          "type": "RATE",
          "value": 0
        },
        {
          "code": "ShippingVAT",
          "type": "RATE",
          "value": 0.14
        },
        {
          "code": "CustomsVAT",
          "type": "RATE",
          "value": 0
        }
      ],
      "originalPrice": 2000.00,
      "startDate": null,
      "endDate": null,
      "discountID": null,
      "created_at": "2021-03-25T09:21:44.000000Z",
      "updated_at": "2021-03-25T09:21:44.000000Z"
    },
    "inventory": {
      "offerId": "9999_9999999999999_7.1_TAXMAR",
      "stock": 99999,
      "supply_mode": "Seller",
      "deliveries": [
        {
          "mode": "EHD",
          "minDelay": 4,
          "maxDelay": 12,
          "shippingCost": 100,
          "additionalShippingCost": 0.0
        }
      ],
      "updated_at": "2021-03-25T09:21:44.000000Z"
    }
  },
  {
    "offerId": "9999_9999999999999_7.2_TAXMAR",
    "product_id": "TM-7.2",
    "condition": {
      "condition": "New",
      "sub_condition": "NewNew",
      "comment": null
    },
    "seller": {
      "id": 9999,
      "name": "Taxes Marjane Vendeur Test"
    },
    "created_at": "2021-03-25T09:21:44.000000Z",
    "updated_at": "2021-03-25T09:21:44.000000Z",
    "status": "active",
    "bestOfferRank": "1",
    "price": {
      "offerId": "9999_9999999999999_7.2_TAXMAR",
      "price": 1320,
      "currency": "EUR",
      "taxes": [
        {
          "code": "Vat",
          "type": "RATE",
          "value": 0.2
        },
        {
          "code": "CustomsDuties",
          "type": "RATE",
          "value": 0.025
        },
        {
          "code": "ShippingVAT",
          "type": "RATE",
          "value": 0.14
        },
        {
          "code": "CustomsVAT",
          "type": "RATE",
          "value": 0.2
        }
      ],
      "originalPrice": 1320.00,
      "startDate": null,
      "endDate": null,
      "discountID": null,
      "created_at": "2021-03-25T09:21:44.000000Z",
      "updated_at": "2021-03-25T09:21:44.000000Z"
    },
    "inventory": {
      "offerId": "9999_9999999999999_7.2_TAXMAR",
      "stock": 99999,
      "supply_mode": "Seller",
      "deliveries": [
        {
          "mode": "EHD",
          "minDelay": 4,
          "maxDelay": 12,
          "shippingCost": 100,
          "additionalShippingCost": 0.0
        }
      ],
      "updated_at": "2021-03-25T09:21:44.000000Z"
    }
  },
  {
    "offerId": "9999_9999999999999_7.3_TAXMAR",
    "product_id": "TM-7.3",
    "condition": {
      "condition": "New",
      "sub_condition": "NewNew",
      "comment": null
    },
    "seller": {
      "id": 9999,
      "name": "Taxes Marjane Vendeur Test"
    },
    "created_at": "2021-03-25T09:21:44.000000Z",
    "updated_at": "2021-03-25T09:21:44.000000Z",
    "status": "active",
    "bestOfferRank": "1",
    "price": {
      "offerId": "9999_9999999999999_7.3_TAXMAR",
      "price": 1800,
      "currency": "EUR",
      "taxes": [
        {
          "code": "Vat",
          "type": "RATE",
          "value": 0.2
        },
        {
          "code": "CustomsDuties",
          "type": "RATE",
          "value": 0.025
        },
        {
          "code": "ShippingVAT",
          "type": "RATE",
          "value": 0.14
        },
        {
          "code": "CustomsVAT",
          "type": "RATE",
          "value": 0.2
        }
      ],
      "originalPrice": 1800.00,
      "startDate": null,
      "endDate": null,
      "discountID": null,
      "created_at": "2021-03-25T09:21:44.000000Z",
      "updated_at": "2021-03-25T09:21:44.000000Z"
    },
    "inventory": {
      "offerId": "9999_9999999999999_7.3_TAXMAR",
      "stock": 99999,
      "supply_mode": "Seller",
      "deliveries": [
        {
          "mode": "EHD",
          "minDelay": 4,
          "maxDelay": 12,
          "shippingCost": 100,
          "additionalShippingCost": 0.0
        }
      ],
      "updated_at": "2021-03-25T09:21:44.000000Z"
    }
  },
  {
    "offerId": "9999_9999999999999_8.1_TAXMAR",
    "product_id": "TM-8.1",
    "condition": {
      "condition": "New",
      "sub_condition": "NewNew",
      "comment": null
    },
    "seller": {
      "id": 9999,
      "name": "Taxes Marjane Vendeur Test"
    },
    "created_at": "2021-03-25T09:21:44.000000Z",
    "updated_at": "2021-03-25T09:21:44.000000Z",
    "status": "active",
    "bestOfferRank": "1",
    "price": {
      "offerId": "9999_9999999999999_8.1_TAXMAR",
      "price": 2000,
      "currency": "EUR",
      "taxes": [
        {
          "code": "Vat",
          "type": "RATE",
          "value": 0
        },
        {
          "code": "CustomsDuties",
          "type": "RATE",
          "value": 0
        },
        {
          "code": "ShippingVAT",
          "type": "RATE",
          "value": 0.14
        },
        {
          "code": "CustomsVAT",
          "type": "RATE",
          "value": 0
        }
      ],
      "originalPrice": 2000.00,
      "startDate": null,
      "endDate": null,
      "discountID": null,
      "created_at": "2021-03-25T09:21:44.000000Z",
      "updated_at": "2021-03-25T09:21:44.000000Z"
    },
    "inventory": {
      "offerId": "9999_9999999999999_8.1_TAXMAR",
      "stock": 99999,
      "supply_mode": "Seller",
      "deliveries": [
        {
          "mode": "EHD",
          "minDelay": 4,
          "maxDelay": 12,
          "shippingCost": 100,
          "additionalShippingCost": 0.0
        }
      ],
      "updated_at": "2021-03-25T09:21:44.000000Z"
    }
  },
  {
    "offerId": "9999_9999999999999_8.2_TAXMAR",
    "product_id": "TM-8.2",
    "condition": {
      "condition": "New",
      "sub_condition": "NewNew",
      "comment": null
    },
    "seller": {
      "id": 9999,
      "name": "Taxes Marjane Vendeur Test"
    },
    "created_at": "2021-03-25T09:21:44.000000Z",
    "updated_at": "2021-03-25T09:21:44.000000Z",
    "status": "active",
    "bestOfferRank": "1",
    "price": {
      "offerId": "9999_9999999999999_8.2_TAXMAR",
      "price": 1320,
      "currency": "EUR",
      "taxes": [
        {
          "code": "Vat",
          "type": "RATE",
          "value": 0.2
        },
        {
          "code": "CustomsDuties",
          "type": "RATE",
          "value": 0.025
        },
        {
          "code": "ShippingVAT",
          "type": "RATE",
          "value": 0.14
        },
        {
          "code": "CustomsVAT",
          "type": "RATE",
          "value": 0.2
        }
      ],
      "originalPrice": 1320.00,
      "startDate": null,
      "endDate": null,
      "discountID": null,
      "created_at": "2021-03-25T09:21:44.000000Z",
      "updated_at": "2021-03-25T09:21:44.000000Z"
    },
    "inventory": {
      "offerId": "9999_9999999999999_8.2_TAXMAR",
      "stock": 99999,
      "supply_mode": "Seller",
      "deliveries": [
        {
          "mode": "EHD",
          "minDelay": 4,
          "maxDelay": 12,
          "shippingCost": 100,
          "additionalShippingCost": 0.0
        }
      ],
      "updated_at": "2021-03-25T09:21:44.000000Z"
    }
  },
  {
    "offerId": "9999_9999999999999_8.3_TAXMAR",
    "product_id": "TM-8.3",
    "condition": {
      "condition": "New",
      "sub_condition": "NewNew",
      "comment": null
    },
    "seller": {
      "id": 9999,
      "name": "Taxes Marjane Vendeur Test"
    },
    "created_at": "2021-03-25T09:21:44.000000Z",
    "updated_at": "2021-03-25T09:21:44.000000Z",
    "status": "active",
    "bestOfferRank": "1",
    "price": {
      "offerId": "9999_9999999999999_8.3_TAXMAR",
      "price": 1800,
      "currency": "EUR",
      "taxes": [
        {
          "code": "Vat",
          "type": "RATE",
          "value": 0.2
        },
        {
          "code": "CustomsDuties",
          "type": "RATE",
          "value": 0.025
        },
        {
          "code": "ShippingVAT",
          "type": "RATE",
          "value": 0.14
        },
        {
          "code": "CustomsVAT",
          "type": "RATE",
          "value": 0.2
        }
      ],
      "originalPrice": 1800.00,
      "startDate": null,
      "endDate": null,
      "discountID": null,
      "created_at": "2021-03-25T09:21:44.000000Z",
      "updated_at": "2021-03-25T09:21:44.000000Z"
    },
    "inventory": {
      "offerId": "9999_9999999999999_8.3_TAXMAR",
      "stock": 99999,
      "supply_mode": "Seller",
      "deliveries": [
        {
          "mode": "EHD",
          "minDelay": 4,
          "maxDelay": 12,
          "shippingCost": 100,
          "additionalShippingCost": 0.0
        }
      ],
      "updated_at": "2021-03-25T09:21:44.000000Z"
    }
  },
  {
    "offerId": "9999_9999999999999_9.1_TAXMAR",
    "product_id": "TM-9.1",
    "condition": {
      "condition": "New",
      "sub_condition": "NewNew",
      "comment": null
    },
    "seller": {
      "id": 9999,
      "name": "Taxes Marjane Vendeur Test"
    },
    "created_at": "2021-03-25T09:21:44.000000Z",
    "updated_at": "2021-03-25T09:21:44.000000Z",
    "status": "active",
    "bestOfferRank": "1",
    "price": {
      "offerId": "9999_9999999999999_9.1_TAXMAR",
      "price": 2000,
      "currency": "EUR",
      "taxes": [
        {
          "code": "Vat",
          "type": "RATE",
          "value": 0
        },
        {
          "code": "CustomsDuties",
          "type": "RATE",
          "value": 0
        },
        {
          "code": "ShippingVAT",
          "type": "RATE",
          "value": 0.14
        },
        {
          "code": "CustomsVAT",
          "type": "RATE",
          "value": 0
        }
      ],
      "originalPrice": 2000.00,
      "startDate": null,
      "endDate": null,
      "discountID": null,
      "created_at": "2021-03-25T09:21:44.000000Z",
      "updated_at": "2021-03-25T09:21:44.000000Z"
    },
    "inventory": {
      "offerId": "9999_9999999999999_9.1_TAXMAR",
      "stock": 99999,
      "supply_mode": "Seller",
      "deliveries": [
        {
          "mode": "EHD",
          "minDelay": 4,
          "maxDelay": 12,
          "shippingCost": 100,
          "additionalShippingCost": 0.0
        }
      ],
      "updated_at": "2021-03-25T09:21:44.000000Z"
    }
  },
  {
    "offerId": "9999_9999999999999_9.2_TAXMAR",
    "product_id": "TM-9.2",
    "condition": {
      "condition": "New",
      "sub_condition": "NewNew",
      "comment": null
    },
    "seller": {
      "id": 9999,
      "name": "Taxes Marjane Vendeur Test"
    },
    "created_at": "2021-03-25T09:21:44.000000Z",
    "updated_at": "2021-03-25T09:21:44.000000Z",
    "status": "active",
    "bestOfferRank": "1",
    "price": {
      "offerId": "9999_9999999999999_9.2_TAXMAR",
      "price": 1320,
      "currency": "EUR",
      "taxes": [
        {
          "code": "Vat",
          "type": "RATE",
          "value": 0.2
        },
        {
          "code": "CustomsDuties",
          "type": "RATE",
          "value": 0.025
        },
        {
          "code": "ShippingVAT",
          "type": "RATE",
          "value": 0.14
        },
        {
          "code": "CustomsVAT",
          "type": "RATE",
          "value": 0.2
        }
      ],
      "originalPrice": 1320.00,
      "startDate": null,
      "endDate": null,
      "discountID": null,
      "created_at": "2021-03-25T09:21:44.000000Z",
      "updated_at": "2021-03-25T09:21:44.000000Z"
    },
    "inventory": {
      "offerId": "9999_9999999999999_9.2_TAXMAR",
      "stock": 99999,
      "supply_mode": "Seller",
      "deliveries": [
        {
          "mode": "EHD",
          "minDelay": 4,
          "maxDelay": 12,
          "shippingCost": 100,
          "additionalShippingCost": 0.0
        }
      ],
      "updated_at": "2021-03-25T09:21:44.000000Z"
    }
  },
  {
    "offerId": "9999_9999999999999_9.3_TAXMAR",
    "product_id": "TM-9.3",
    "condition": {
      "condition": "New",
      "sub_condition": "NewNew",
      "comment": null
    },
    "seller": {
      "id": 9999,
      "name": "Taxes Marjane Vendeur Test"
    },
    "created_at": "2021-03-25T09:21:44.000000Z",
    "updated_at": "2021-03-25T09:21:44.000000Z",
    "status": "active",
    "bestOfferRank": "1",
    "price": {
      "offerId": "9999_9999999999999_9.3_TAXMAR",
      "price": 1800,
      "currency": "EUR",
      "taxes": [
        {
          "code": "Vat",
          "type": "RATE",
          "value": 0.2
        },
        {
          "code": "CustomsDuties",
          "type": "RATE",
          "value": 0.025
        },
        {
          "code": "ShippingVAT",
          "type": "RATE",
          "value": 0.14
        },
        {
          "code": "CustomsVAT",
          "type": "RATE",
          "value": 0.2
        }
      ],
      "originalPrice": 1800.00,
      "startDate": null,
      "endDate": null,
      "discountID": null,
      "created_at": "2021-03-25T09:21:44.000000Z",
      "updated_at": "2021-03-25T09:21:44.000000Z"
    },
    "inventory": {
      "offerId": "9999_9999999999999_9.3_TAXMAR",
      "stock": 99999,
      "supply_mode": "Seller",
      "deliveries": [
        {
          "mode": "EHD",
          "minDelay": 4,
          "maxDelay": 12,
          "shippingCost": 100,
          "additionalShippingCost": 0.0
        }
      ],
      "updated_at": "2021-03-25T09:21:44.000000Z"
    }
  },
  {
    "offerId": "9999_9999999999999_10.1_TAXMAR",
    "product_id": "TM-10.1",
    "condition": {
      "condition": "New",
      "sub_condition": "NewNew",
      "comment": null
    },
    "seller": {
      "id": 9999,
      "name": "Taxes Marjane Vendeur Test"
    },
    "created_at": "2021-03-25T09:21:44.000000Z",
    "updated_at": "2021-03-25T09:21:44.000000Z",
    "status": "active",
    "bestOfferRank": "1",
    "price": {
      "offerId": "9999_9999999999999_10.1_TAXMAR",
      "price": 2000,
      "currency": "EUR",
      "taxes": [
        {
          "code": "Vat",
          "type": "RATE",
          "value": 0
        },
        {
          "code": "CustomsDuties",
          "type": "RATE",
          "value": 0
        },
        {
          "code": "ShippingVAT",
          "type": "RATE",
          "value": 0.14
        },
        {
          "code": "CustomsVAT",
          "type": "RATE",
          "value": 0
        }
      ],
      "originalPrice": 2000.00,
      "startDate": null,
      "endDate": null,
      "discountID": null,
      "created_at": "2021-03-25T09:21:44.000000Z",
      "updated_at": "2021-03-25T09:21:44.000000Z"
    },
    "inventory": {
      "offerId": "9999_9999999999999_10.1_TAXMAR",
      "stock": 99999,
      "supply_mode": "Seller",
      "deliveries": [
        {
          "mode": "EHD",
          "minDelay": 4,
          "maxDelay": 12,
          "shippingCost": 100,
          "additionalShippingCost": 0.0
        }
      ],
      "updated_at": "2021-03-25T09:21:44.000000Z"
    }
  },
  {
    "offerId": "9999_9999999999999_10.2_TAXMAR",
    "product_id": "TM-10.2",
    "condition": {
      "condition": "New",
      "sub_condition": "NewNew",
      "comment": null
    },
    "seller": {
      "id": 9999,
      "name": "Taxes Marjane Vendeur Test"
    },
    "created_at": "2021-03-25T09:21:44.000000Z",
    "updated_at": "2021-03-25T09:21:44.000000Z",
    "status": "active",
    "bestOfferRank": "1",
    "price": {
      "offerId": "9999_9999999999999_10.2_TAXMAR",
      "price": 1320,
      "currency": "EUR",
      "taxes": [
        {
          "code": "Vat",
          "type": "RATE",
          "value": 0.2
        },
        {
          "code": "CustomsDuties",
          "type": "RATE",
          "value": 0.025
        },
        {
          "code": "ShippingVAT",
          "type": "RATE",
          "value": 0.14
        },
        {
          "code": "CustomsVAT",
          "type": "RATE",
          "value": 0.2
        }
      ],
      "originalPrice": 1320.00,
      "startDate": null,
      "endDate": null,
      "discountID": null,
      "created_at": "2021-03-25T09:21:44.000000Z",
      "updated_at": "2021-03-25T09:21:44.000000Z"
    },
    "inventory": {
      "offerId": "9999_9999999999999_10.2_TAXMAR",
      "stock": 99999,
      "supply_mode": "Seller",
      "deliveries": [
        {
          "mode": "EHD",
          "minDelay": 4,
          "maxDelay": 12,
          "shippingCost": 100,
          "additionalShippingCost": 0.0
        }
      ],
      "updated_at": "2021-03-25T09:21:44.000000Z"
    }
  },
  {
    "offerId": "9999_9999999999999_10.3_TAXMAR",
    "product_id": "TM-10.3",
    "condition": {
      "condition": "New",
      "sub_condition": "NewNew",
      "comment": null
    },
    "seller": {
      "id": 9999,
      "name": "Taxes Marjane Vendeur Test"
    },
    "created_at": "2021-03-25T09:21:44.000000Z",
    "updated_at": "2021-03-25T09:21:44.000000Z",
    "status": "active",
    "bestOfferRank": "1",
    "price": {
      "offerId": "9999_9999999999999_10.3_TAXMAR",
      "price": 1800,
      "currency": "EUR",
      "taxes": [
        {
          "code": "Vat",
          "type": "RATE",
          "value": 0.2
        },
        {
          "code": "CustomsDuties",
          "type": "RATE",
          "value": 0.025
        },
        {
          "code": "ShippingVAT",
          "type": "RATE",
          "value": 0.14
        },
        {
          "code": "CustomsVAT",
          "type": "RATE",
          "value": 0.2
        }
      ],
      "originalPrice": 1800.00,
      "startDate": null,
      "endDate": null,
      "discountID": null,
      "created_at": "2021-03-25T09:21:44.000000Z",
      "updated_at": "2021-03-25T09:21:44.000000Z"
    },
    "inventory": {
      "offerId": "9999_9999999999999_10.3_TAXMAR",
      "stock": 99999,
      "supply_mode": "Seller",
      "deliveries": [
        {
          "mode": "EHD",
          "minDelay": 4,
          "maxDelay": 12,
          "shippingCost": 100,
          "additionalShippingCost": 0.0
        }
      ],
      "updated_at": "2021-03-25T09:21:44.000000Z"
    }
  },
  {
    "offerId": "9999_9999999999999_11.1_TAXMAR",
    "product_id": "TM-11.1",
    "condition": {
      "condition": "New",
      "sub_condition": "NewNew",
      "comment": null
    },
    "seller": {
      "id": 9999,
      "name": "Taxes Marjane Vendeur Test"
    },
    "created_at": "2021-03-25T09:21:44.000000Z",
    "updated_at": "2021-03-25T09:21:44.000000Z",
    "status": "active",
    "bestOfferRank": "1",
    "price": {
      "offerId": "9999_9999999999999_11.1_TAXMAR",
      "price": 1994,
      "currency": "EUR",
      "taxes": [
        {
          "code": "Vat",
          "type": "RATE",
          "value": 0.2
        },
        {
          "code": "Deatax",
          "type": "AMOUNT",
          "value": 5
        },
        {
          "code": "Ecotax",
          "type": "AMOUNT",
          "value": 1
        }
      ],
      "originalPrice": 1994.00,
      "startDate": null,
      "endDate": null,
      "discountID": null,
      "created_at": "2021-03-25T09:21:44.000000Z",
      "updated_at": "2021-03-25T09:21:44.000000Z"
    },
    "inventory": {
      "offerId": "9999_9999999999999_11.1_TAXMAR",
      "stock": 99999,
      "supply_mode": "Seller",
      "deliveries": [
        {
          "mode": "EHD",
          "minDelay": 4,
          "maxDelay": 12,
          "shippingCost": 100,
          "additionalShippingCost": 0.0
        }
      ],
      "updated_at": "2021-03-25T09:21:44.000000Z"
    }
  }
]
