[
    {
        "productId": "TM-1.1",
        "title": "TM-1.1 - MKP sans promo (cas nominal) - Vendeur local",
        "description": "TM-1.1 - MKP sans promo (cas nominal) - Vendeur local",
        "brand": {
            "code": 4720,
            "label": "NINTENDO",
            "image": {
                "large": {
                    "title": "Rockstar image",
                    "url": "https:\/\/lorempixel.com\/700\/700\/?18986.jpg",
                    "size": 600,
                    "width": 960,
                    "height": 720,
                    "updated_at": "2020-05-16 13:51:29"
                }
            }
        },
        "categoryId": "TM01",
        "images": {
            "large": [
                {
                    "format": "large",
                    "title": "Test",
                    "url": "https:\/\/www.cdiscount.com\/pdt2\/novisuel\/700x700.gif",
                    "size": "244",
                    "width": "700",
                    "height": "700",
                    "updated_at": "2021-03-25T09:19:46.000000Z"
                }
            ]
        },
        "variationGroupId": null,
        "variationAttributes": null,
        "attributesGroup": [
            {
                "code": "G\u00e9n\u00e9ral",
                "label": "G\u00e9n\u00e9ral",
                "position": "0",
                "createdAt": "2020-07-29",
                "updatedAt": "2021-08-26",
                "attributes": [

                ]
            }
        ],
        "status": "active",
        "created_at": "2021-03-21T09:21:38.000000Z",
        "updated_at": "2021-04-30T09:21:38.000000Z",
        "thirdLevelCategoryLabel": null
    },
    {
        "productId": "TM-1.2",
        "title": "TM-1.2 - MKP sans promo (cas nominal) - Vendeur inter < seuil",
        "description": "TM-1.2 - MKP sans promo (cas nominal) - Vendeur inter < seuil",
        "brand": {
            "code": 4720,
            "label": "NINTENDO",
            "image": {
                "large": {
                    "title": "Rockstar image",
                    "url": "https:\/\/lorempixel.com\/700\/700\/?18986.jpg",
                    "size": 600,
                    "width": 960,
                    "height": 720,
                    "updated_at": "2020-05-16 13:51:29"
                }
            }
        },
        "categoryId": "TM01",
        "images": {
            "large": [
                {
                    "format": "large",
                    "title": "Test",
                    "url": "https:\/\/www.cdiscount.com\/pdt2\/novisuel\/700x700.gif",
                    "size": "244",
                    "width": "700",
                    "height": "700",
                    "updated_at": "2021-03-25T09:19:46.000000Z"
                }
            ]
        },
        "variationGroupId": null,
        "variationAttributes": null,
        "attributesGroup": [
            {
                "code": "G\u00e9n\u00e9ral",
                "label": "G\u00e9n\u00e9ral",
                "position": "0",
                "createdAt": "2020-07-29",
                "updatedAt": "2021-08-26",
                "attributes": [

                ]
            }
        ],
        "status": "active",
        "created_at": "2021-03-21T09:21:38.000000Z",
        "updated_at": "2021-04-30T09:21:38.000000Z",
        "thirdLevelCategoryLabel": null
    },
    {
        "productId": "TM-1.3",
        "title": "TM-1.3 - MKP sans promo (cas nominal) - Vendeur inter > seuil",
        "description": "TM-1.3 - MKP sans promo (cas nominal) - Vendeur inter > seuil",
        "brand": {
            "code": 4720,
            "label": "NINTENDO",
            "image": {
                "large": {
                    "title": "Rockstar image",
                    "url": "https:\/\/lorempixel.com\/700\/700\/?18986.jpg",
                    "size": 600,
                    "width": 960,
                    "height": 720,
                    "updated_at": "2020-05-16 13:51:29"
                }
            }
        },
        "categoryId": "TM01",
        "images": {
            "large": [
                {
                    "format": "large",
                    "title": "Test",
                    "url": "https:\/\/www.cdiscount.com\/pdt2\/novisuel\/700x700.gif",
                    "size": "244",
                    "width": "700",
                    "height": "700",
                    "updated_at": "2021-03-25T09:19:46.000000Z"
                }
            ]
        },
        "variationGroupId": null,
        "variationAttributes": null,
        "attributesGroup": [
            {
                "code": "G\u00e9n\u00e9ral",
                "label": "G\u00e9n\u00e9ral",
                "position": "0",
                "createdAt": "2020-07-29",
                "updatedAt": "2021-08-26",
                "attributes": [

                ]
            }
        ],
        "status": "active",
        "created_at": "2021-03-21T09:21:38.000000Z",
        "updated_at": "2021-04-30T09:21:38.000000Z",
        "thirdLevelCategoryLabel": null
    },
    {
        "productId": "TM-2.1",
        "title": "TM-2.1 - MKP avec promo Offre - Vendeur local",
        "description": "TM-2.1 - MKP avec promo Offre - Vendeur local",
        "brand": {
            "code": 4720,
            "label": "NINTENDO",
            "image": {
                "large": {
                    "title": "Rockstar image",
                    "url": "https:\/\/lorempixel.com\/700\/700\/?18986.jpg",
                    "size": 600,
                    "width": 960,
                    "height": 720,
                    "updated_at": "2020-05-16 13:51:29"
                }
            }
        },
        "categoryId": "TM01",
        "images": {
            "large": [
                {
                    "format": "large",
                    "title": "Test",
                    "url": "https:\/\/www.cdiscount.com\/pdt2\/novisuel\/700x700.gif",
                    "size": "244",
                    "width": "700",
                    "height": "700",
                    "updated_at": "2021-03-25T09:19:46.000000Z"
                }
            ]
        },
        "variationGroupId": null,
        "variationAttributes": null,
        "attributesGroup": [
            {
                "code": "G\u00e9n\u00e9ral",
                "label": "G\u00e9n\u00e9ral",
                "position": "0",
                "createdAt": "2020-07-29",
                "updatedAt": "2021-08-26",
                "attributes": [

                ]
            }
        ],
        "status": "active",
        "created_at": "2021-03-21T09:21:38.000000Z",
        "updated_at": "2021-04-30T09:21:38.000000Z",
        "thirdLevelCategoryLabel": null
    },
    {
        "productId": "TM-2.2",
        "title": "TM-2.2 - MKP avec promo Offre - Vendeur inter < seuil",
        "description": "TM-2.2 - MKP avec promo Offre - Vendeur inter < seuil",
        "brand": {
            "code": 4720,
            "label": "NINTENDO",
            "image": {
                "large": {
                    "title": "Rockstar image",
                    "url": "https:\/\/lorempixel.com\/700\/700\/?18986.jpg",
                    "size": 600,
                    "width": 960,
                    "height": 720,
                    "updated_at": "2020-05-16 13:51:29"
                }
            }
        },
        "categoryId": "TM01",
        "images": {
            "large": [
                {
                    "format": "large",
                    "title": "Test",
                    "url": "https:\/\/www.cdiscount.com\/pdt2\/novisuel\/700x700.gif",
                    "size": "244",
                    "width": "700",
                    "height": "700",
                    "updated_at": "2021-03-25T09:19:46.000000Z"
                }
            ]
        },
        "variationGroupId": null,
        "variationAttributes": null,
        "attributesGroup": [
            {
                "code": "G\u00e9n\u00e9ral",
                "label": "G\u00e9n\u00e9ral",
                "position": "0",
                "createdAt": "2020-07-29",
                "updatedAt": "2021-08-26",
                "attributes": [

                ]
            }
        ],
        "status": "active",
        "created_at": "2021-03-21T09:21:38.000000Z",
        "updated_at": "2021-04-30T09:21:38.000000Z",
        "thirdLevelCategoryLabel": null
    },
    {
        "productId": "TM-2.3",
        "title": "TM-2.3 - MKP avec promo Offre - Vendeur inter > seuil",
        "description": "TM-2.3 - MKP avec promo Offre - Vendeur inter > seuil",
        "brand": {
            "code": 4720,
            "label": "NINTENDO",
            "image": {
                "large": {
                    "title": "Rockstar image",
                    "url": "https:\/\/lorempixel.com\/700\/700\/?18986.jpg",
                    "size": 600,
                    "width": 960,
                    "height": 720,
                    "updated_at": "2020-05-16 13:51:29"
                }
            }
        },
        "categoryId": "TM01",
        "images": {
            "large": [
                {
                    "format": "large",
                    "title": "Test",
                    "url": "https:\/\/www.cdiscount.com\/pdt2\/novisuel\/700x700.gif",
                    "size": "244",
                    "width": "700",
                    "height": "700",
                    "updated_at": "2021-03-25T09:19:46.000000Z"
                }
            ]
        },
        "variationGroupId": null,
        "variationAttributes": null,
        "attributesGroup": [
            {
                "code": "G\u00e9n\u00e9ral",
                "label": "G\u00e9n\u00e9ral",
                "position": "0",
                "createdAt": "2020-07-29",
                "updatedAt": "2021-08-26",
                "attributes": [

                ]
            }
        ],
        "status": "active",
        "created_at": "2021-03-21T09:21:38.000000Z",
        "updated_at": "2021-04-30T09:21:38.000000Z",
        "thirdLevelCategoryLabel": null
    },
    {
        "productId": "TM-3.1",
        "title": "TM-3.1 - MKP avec promo FDP - Vendeur local",
        "description": "TM-3.1 - MKP avec promo FDP - Vendeur local",
        "brand": {
            "code": 4720,
            "label": "NINTENDO",
            "image": {
                "large": {
                    "title": "Rockstar image",
                    "url": "https:\/\/lorempixel.com\/700\/700\/?18986.jpg",
                    "size": 600,
                    "width": 960,
                    "height": 720,
                    "updated_at": "2020-05-16 13:51:29"
                }
            }
        },
        "categoryId": "TM01",
        "images": {
            "large": [
                {
                    "format": "large",
                    "title": "Test",
                    "url": "https:\/\/www.cdiscount.com\/pdt2\/novisuel\/700x700.gif",
                    "size": "244",
                    "width": "700",
                    "height": "700",
                    "updated_at": "2021-03-25T09:19:46.000000Z"
                }
            ]
        },
        "variationGroupId": null,
        "variationAttributes": null,
        "attributesGroup": [
            {
                "code": "G\u00e9n\u00e9ral",
                "label": "G\u00e9n\u00e9ral",
                "position": "0",
                "createdAt": "2020-07-29",
                "updatedAt": "2021-08-26",
                "attributes": [

                ]
            }
        ],
        "status": "active",
        "created_at": "2021-03-21T09:21:38.000000Z",
        "updated_at": "2021-04-30T09:21:38.000000Z",
        "thirdLevelCategoryLabel": null
    },
    {
        "productId": "TM-3.2",
        "title": "TM-3.2 - MKP avec promo FDP - Vendeur inter < seuil",
        "description": "TM-3.2 - MKP avec promo FDP - Vendeur inter < seuil",
        "brand": {
            "code": 4720,
            "label": "NINTENDO",
            "image": {
                "large": {
                    "title": "Rockstar image",
                    "url": "https:\/\/lorempixel.com\/700\/700\/?18986.jpg",
                    "size": 600,
                    "width": 960,
                    "height": 720,
                    "updated_at": "2020-05-16 13:51:29"
                }
            }
        },
        "categoryId": "TM01",
        "images": {
            "large": [
                {
                    "format": "large",
                    "title": "Test",
                    "url": "https:\/\/www.cdiscount.com\/pdt2\/novisuel\/700x700.gif",
                    "size": "244",
                    "width": "700",
                    "height": "700",
                    "updated_at": "2021-03-25T09:19:46.000000Z"
                }
            ]
        },
        "variationGroupId": null,
        "variationAttributes": null,
        "attributesGroup": [
            {
                "code": "G\u00e9n\u00e9ral",
                "label": "G\u00e9n\u00e9ral",
                "position": "0",
                "createdAt": "2020-07-29",
                "updatedAt": "2021-08-26",
                "attributes": [

                ]
            }
        ],
        "status": "active",
        "created_at": "2021-03-21T09:21:38.000000Z",
        "updated_at": "2021-04-30T09:21:38.000000Z",
        "thirdLevelCategoryLabel": null
    },
    {
        "productId": "TM-3.3",
        "title": "TM-3.3 - MKP avec promo FDP - Vendeur inter > seuil",
        "description": "TM-3.3 - MKP avec promo FDP - Vendeur inter > seuil",
        "brand": {
            "code": 4720,
            "label": "NINTENDO",
            "image": {
                "large": {
                    "title": "Rockstar image",
                    "url": "https:\/\/lorempixel.com\/700\/700\/?18986.jpg",
                    "size": 600,
                    "width": 960,
                    "height": 720,
                    "updated_at": "2020-05-16 13:51:29"
                }
            }
        },
        "categoryId": "TM01",
        "images": {
            "large": [
                {
                    "format": "large",
                    "title": "Test",
                    "url": "https:\/\/www.cdiscount.com\/pdt2\/novisuel\/700x700.gif",
                    "size": "244",
                    "width": "700",
                    "height": "700",
                    "updated_at": "2021-03-25T09:19:46.000000Z"
                }
            ]
        },
        "variationGroupId": null,
        "variationAttributes": null,
        "attributesGroup": [
            {
                "code": "G\u00e9n\u00e9ral",
                "label": "G\u00e9n\u00e9ral",
                "position": "0",
                "createdAt": "2020-07-29",
                "updatedAt": "2021-08-26",
                "attributes": [

                ]
            }
        ],
        "status": "active",
        "created_at": "2021-03-21T09:21:38.000000Z",
        "updated_at": "2021-04-30T09:21:38.000000Z",
        "thirdLevelCategoryLabel": null
    },
    {
        "productId": "TM-4.1",
        "title": "TM-4.1 - MKP avec markup FDP - Vendeur local",
        "description": "TM-4.1 - MKP avec markup FDP - Vendeur local",
        "brand": {
            "code": 4720,
            "label": "NINTENDO",
            "image": {
                "large": {
                    "title": "Rockstar image",
                    "url": "https:\/\/lorempixel.com\/700\/700\/?18986.jpg",
                    "size": 600,
                    "width": 960,
                    "height": 720,
                    "updated_at": "2020-05-16 13:51:29"
                }
            }
        },
        "categoryId": "TM01",
        "images": {
            "large": [
                {
                    "format": "large",
                    "title": "Test",
                    "url": "https:\/\/www.cdiscount.com\/pdt2\/novisuel\/700x700.gif",
                    "size": "244",
                    "width": "700",
                    "height": "700",
                    "updated_at": "2021-03-25T09:19:46.000000Z"
                }
            ]
        },
        "variationGroupId": null,
        "variationAttributes": null,
        "attributesGroup": [
            {
                "code": "G\u00e9n\u00e9ral",
                "label": "G\u00e9n\u00e9ral",
                "position": "0",
                "createdAt": "2020-07-29",
                "updatedAt": "2021-08-26",
                "attributes": [

                ]
            }
        ],
        "status": "active",
        "created_at": "2021-03-21T09:21:38.000000Z",
        "updated_at": "2021-04-30T09:21:38.000000Z",
        "thirdLevelCategoryLabel": null
    },
    {
        "productId": "TM-4.2",
        "title": "TM-4.2 - MKP avec markup FDP - Vendeur inter < seuil",
        "description": "TM-4.2 - MKP avec markup FDP - Vendeur inter < seuil",
        "brand": {
            "code": 4720,
            "label": "NINTENDO",
            "image": {
                "large": {
                    "title": "Rockstar image",
                    "url": "https:\/\/lorempixel.com\/700\/700\/?18986.jpg",
                    "size": 600,
                    "width": 960,
                    "height": 720,
                    "updated_at": "2020-05-16 13:51:29"
                }
            }
        },
        "categoryId": "TM01",
        "images": {
            "large": [
                {
                    "format": "large",
                    "title": "Test",
                    "url": "https:\/\/www.cdiscount.com\/pdt2\/novisuel\/700x700.gif",
                    "size": "244",
                    "width": "700",
                    "height": "700",
                    "updated_at": "2021-03-25T09:19:46.000000Z"
                }
            ]
        },
        "variationGroupId": null,
        "variationAttributes": null,
        "attributesGroup": [
            {
                "code": "G\u00e9n\u00e9ral",
                "label": "G\u00e9n\u00e9ral",
                "position": "0",
                "createdAt": "2020-07-29",
                "updatedAt": "2021-08-26",
                "attributes": [

                ]
            }
        ],
        "status": "active",
        "created_at": "2021-03-21T09:21:38.000000Z",
        "updated_at": "2021-04-30T09:21:38.000000Z",
        "thirdLevelCategoryLabel": null
    },
    {
        "productId": "TM-4.3",
        "title": "TM-4.3 - MKP avec markup FDP - Vendeur inter > seuil",
        "description": "TM-4.3 - MKP avec markup FDP - Vendeur inter > seuil",
        "brand": {
            "code": 4720,
            "label": "NINTENDO",
            "image": {
                "large": {
                    "title": "Rockstar image",
                    "url": "https:\/\/lorempixel.com\/700\/700\/?18986.jpg",
                    "size": 600,
                    "width": 960,
                    "height": 720,
                    "updated_at": "2020-05-16 13:51:29"
                }
            }
        },
        "categoryId": "TM01",
        "images": {
            "large": [
                {
                    "format": "large",
                    "title": "Test",
                    "url": "https:\/\/www.cdiscount.com\/pdt2\/novisuel\/700x700.gif",
                    "size": "244",
                    "width": "700",
                    "height": "700",
                    "updated_at": "2021-03-25T09:19:46.000000Z"
                }
            ]
        },
        "variationGroupId": null,
        "variationAttributes": null,
        "attributesGroup": [
            {
                "code": "G\u00e9n\u00e9ral",
                "label": "G\u00e9n\u00e9ral",
                "position": "0",
                "createdAt": "2020-07-29",
                "updatedAt": "2021-08-26",
                "attributes": [

                ]
            }
        ],
        "status": "active",
        "created_at": "2021-03-21T09:21:38.000000Z",
        "updated_at": "2021-04-30T09:21:38.000000Z",
        "thirdLevelCategoryLabel": null
    },
    {
        "productId": "TM-5.1",
        "title": "TM-5.1 - MKP avec markup+promo FDP - Vendeur local",
        "description": "TM-5.1 - MKP avec markup+promo FDP - Vendeur local",
        "brand": {
            "code": 4720,
            "label": "NINTENDO",
            "image": {
                "large": {
                    "title": "Rockstar image",
                    "url": "https:\/\/lorempixel.com\/700\/700\/?18986.jpg",
                    "size": 600,
                    "width": 960,
                    "height": 720,
                    "updated_at": "2020-05-16 13:51:29"
                }
            }
        },
        "categoryId": "TM01",
        "images": {
            "large": [
                {
                    "format": "large",
                    "title": "Test",
                    "url": "https:\/\/www.cdiscount.com\/pdt2\/novisuel\/700x700.gif",
                    "size": "244",
                    "width": "700",
                    "height": "700",
                    "updated_at": "2021-03-25T09:19:46.000000Z"
                }
            ]
        },
        "variationGroupId": null,
        "variationAttributes": null,
        "attributesGroup": [
            {
                "code": "G\u00e9n\u00e9ral",
                "label": "G\u00e9n\u00e9ral",
                "position": "0",
                "createdAt": "2020-07-29",
                "updatedAt": "2021-08-26",
                "attributes": [

                ]
            }
        ],
        "status": "active",
        "created_at": "2021-03-21T09:21:38.000000Z",
        "updated_at": "2021-04-30T09:21:38.000000Z",
        "thirdLevelCategoryLabel": null
    },
    {
        "productId": "TM-5.2",
        "title": "TM-5.2 - MKP avec markup+promo FDP - Vendeur inter < seuil",
        "description": "TM-5.2 - MKP avec markup+promo FDP - Vendeur inter < seuil",
        "brand": {
            "code": 4720,
            "label": "NINTENDO",
            "image": {
                "large": {
                    "title": "Rockstar image",
                    "url": "https:\/\/lorempixel.com\/700\/700\/?18986.jpg",
                    "size": 600,
                    "width": 960,
                    "height": 720,
                    "updated_at": "2020-05-16 13:51:29"
                }
            }
        },
        "categoryId": "TM01",
        "images": {
            "large": [
                {
                    "format": "large",
                    "title": "Test",
                    "url": "https:\/\/www.cdiscount.com\/pdt2\/novisuel\/700x700.gif",
                    "size": "244",
                    "width": "700",
                    "height": "700",
                    "updated_at": "2021-03-25T09:19:46.000000Z"
                }
            ]
        },
        "variationGroupId": null,
        "variationAttributes": null,
        "attributesGroup": [
            {
                "code": "G\u00e9n\u00e9ral",
                "label": "G\u00e9n\u00e9ral",
                "position": "0",
                "createdAt": "2020-07-29",
                "updatedAt": "2021-08-26",
                "attributes": [

                ]
            }
        ],
        "status": "active",
        "created_at": "2021-03-21T09:21:38.000000Z",
        "updated_at": "2021-04-30T09:21:38.000000Z",
        "thirdLevelCategoryLabel": null
    },
    {
        "productId": "TM-5.3",
        "title": "TM-5.3 - MKP avec markup+promo FDP - Vendeur inter > seuil",
        "description": "TM-5.3 - MKP avec markup+promo FDP - Vendeur inter > seuil",
        "brand": {
            "code": 4720,
            "label": "NINTENDO",
            "image": {
                "large": {
                    "title": "Rockstar image",
                    "url": "https:\/\/lorempixel.com\/700\/700\/?18986.jpg",
                    "size": 600,
                    "width": 960,
                    "height": 720,
                    "updated_at": "2020-05-16 13:51:29"
                }
            }
        },
        "categoryId": "TM01",
        "images": {
            "large": [
                {
                    "format": "large",
                    "title": "Test",
                    "url": "https:\/\/www.cdiscount.com\/pdt2\/novisuel\/700x700.gif",
                    "size": "244",
                    "width": "700",
                    "height": "700",
                    "updated_at": "2021-03-25T09:19:46.000000Z"
                }
            ]
        },
        "variationGroupId": null,
        "variationAttributes": null,
        "attributesGroup": [
            {
                "code": "G\u00e9n\u00e9ral",
                "label": "G\u00e9n\u00e9ral",
                "position": "0",
                "createdAt": "2020-07-29",
                "updatedAt": "2021-08-26",
                "attributes": [

                ]
            }
        ],
        "status": "active",
        "created_at": "2021-03-21T09:21:38.000000Z",
        "updated_at": "2021-04-30T09:21:38.000000Z",
        "thirdLevelCategoryLabel": null
    },
    {
        "productId": "TM-6.1",
        "title": "TM-6.1 - FFM sans promo - Vendeur local",
        "description": "TM-6.1 - FFM sans promo - Vendeur local",
        "brand": {
            "code": 4720,
            "label": "NINTENDO",
            "image": {
                "large": {
                    "title": "Rockstar image",
                    "url": "https:\/\/lorempixel.com\/700\/700\/?18986.jpg",
                    "size": 600,
                    "width": 960,
                    "height": 720,
                    "updated_at": "2020-05-16 13:51:29"
                }
            }
        },
        "categoryId": "TM01",
        "images": {
            "large": [
                {
                    "format": "large",
                    "title": "Test",
                    "url": "https:\/\/www.cdiscount.com\/pdt2\/novisuel\/700x700.gif",
                    "size": "244",
                    "width": "700",
                    "height": "700",
                    "updated_at": "2021-03-25T09:19:46.000000Z"
                }
            ]
        },
        "variationGroupId": null,
        "variationAttributes": null,
        "attributesGroup": [
            {
                "code": "G\u00e9n\u00e9ral",
                "label": "G\u00e9n\u00e9ral",
                "position": "0",
                "createdAt": "2020-07-29",
                "updatedAt": "2021-08-26",
                "attributes": [

                ]
            }
        ],
        "status": "active",
        "created_at": "2021-03-21T09:21:38.000000Z",
        "updated_at": "2021-04-30T09:21:38.000000Z",
        "thirdLevelCategoryLabel": null
    },
    {
        "productId": "TM-6.2",
        "title": "TM-6.2 - FFM sans promo - Vendeur inter < seuil",
        "description": "TM-6.2 - FFM sans promo - Vendeur inter < seuil",
        "brand": {
            "code": 4720,
            "label": "NINTENDO",
            "image": {
                "large": {
                    "title": "Rockstar image",
                    "url": "https:\/\/lorempixel.com\/700\/700\/?18986.jpg",
                    "size": 600,
                    "width": 960,
                    "height": 720,
                    "updated_at": "2020-05-16 13:51:29"
                }
            }
        },
        "categoryId": "TM01",
        "images": {
            "large": [
                {
                    "format": "large",
                    "title": "Test",
                    "url": "https:\/\/www.cdiscount.com\/pdt2\/novisuel\/700x700.gif",
                    "size": "244",
                    "width": "700",
                    "height": "700",
                    "updated_at": "2021-03-25T09:19:46.000000Z"
                }
            ]
        },
        "variationGroupId": null,
        "variationAttributes": null,
        "attributesGroup": [
            {
                "code": "G\u00e9n\u00e9ral",
                "label": "G\u00e9n\u00e9ral",
                "position": "0",
                "createdAt": "2020-07-29",
                "updatedAt": "2021-08-26",
                "attributes": [

                ]
            }
        ],
        "status": "active",
        "created_at": "2021-03-21T09:21:38.000000Z",
        "updated_at": "2021-04-30T09:21:38.000000Z",
        "thirdLevelCategoryLabel": null
    },
    {
        "productId": "TM-6.3",
        "title": "TM-6.3 - FFM sans promo - Vendeur inter > seuil",
        "description": "TM-6.3 - FFM sans promo - Vendeur inter > seuil",
        "brand": {
            "code": 4720,
            "label": "NINTENDO",
            "image": {
                "large": {
                    "title": "Rockstar image",
                    "url": "https:\/\/lorempixel.com\/700\/700\/?18986.jpg",
                    "size": 600,
                    "width": 960,
                    "height": 720,
                    "updated_at": "2020-05-16 13:51:29"
                }
            }
        },
        "categoryId": "TM01",
        "images": {
            "large": [
                {
                    "format": "large",
                    "title": "Test",
                    "url": "https:\/\/www.cdiscount.com\/pdt2\/novisuel\/700x700.gif",
                    "size": "244",
                    "width": "700",
                    "height": "700",
                    "updated_at": "2021-03-25T09:19:46.000000Z"
                }
            ]
        },
        "variationGroupId": null,
        "variationAttributes": null,
        "attributesGroup": [
            {
                "code": "G\u00e9n\u00e9ral",
                "label": "G\u00e9n\u00e9ral",
                "position": "0",
                "createdAt": "2020-07-29",
                "updatedAt": "2021-08-26",
                "attributes": [

                ]
            }
        ],
        "status": "active",
        "created_at": "2021-03-21T09:21:38.000000Z",
        "updated_at": "2021-04-30T09:21:38.000000Z",
        "thirdLevelCategoryLabel": null
    },
    {
        "productId": "TM-7.1",
        "title": "TM-7.1 - FFM avec promo Offre - Vendeur local",
        "description": "TM-7.1 - FFM avec promo Offre - Vendeur local",
        "brand": {
            "code": 4720,
            "label": "NINTENDO",
            "image": {
                "large": {
                    "title": "Rockstar image",
                    "url": "https:\/\/lorempixel.com\/700\/700\/?18986.jpg",
                    "size": 600,
                    "width": 960,
                    "height": 720,
                    "updated_at": "2020-05-16 13:51:29"
                }
            }
        },
        "categoryId": "TM01",
        "images": {
            "large": [
                {
                    "format": "large",
                    "title": "Test",
                    "url": "https:\/\/www.cdiscount.com\/pdt2\/novisuel\/700x700.gif",
                    "size": "244",
                    "width": "700",
                    "height": "700",
                    "updated_at": "2021-03-25T09:19:46.000000Z"
                }
            ]
        },
        "variationGroupId": null,
        "variationAttributes": null,
        "attributesGroup": [
            {
                "code": "G\u00e9n\u00e9ral",
                "label": "G\u00e9n\u00e9ral",
                "position": "0",
                "createdAt": "2020-07-29",
                "updatedAt": "2021-08-26",
                "attributes": [

                ]
            }
        ],
        "status": "active",
        "created_at": "2021-03-21T09:21:38.000000Z",
        "updated_at": "2021-04-30T09:21:38.000000Z",
        "thirdLevelCategoryLabel": null
    },
    {
        "productId": "TM-7.2",
        "title": "TM-7.2 - FFM avec promo Offre - Vendeur inter < seuil",
        "description": "TM-7.2 - FFM avec promo Offre - Vendeur inter < seuil",
        "brand": {
            "code": 4720,
            "label": "NINTENDO",
            "image": {
                "large": {
                    "title": "Rockstar image",
                    "url": "https:\/\/lorempixel.com\/700\/700\/?18986.jpg",
                    "size": 600,
                    "width": 960,
                    "height": 720,
                    "updated_at": "2020-05-16 13:51:29"
                }
            }
        },
        "categoryId": "TM01",
        "images": {
            "large": [
                {
                    "format": "large",
                    "title": "Test",
                    "url": "https:\/\/www.cdiscount.com\/pdt2\/novisuel\/700x700.gif",
                    "size": "244",
                    "width": "700",
                    "height": "700",
                    "updated_at": "2021-03-25T09:19:46.000000Z"
                }
            ]
        },
        "variationGroupId": null,
        "variationAttributes": null,
        "attributesGroup": [
            {
                "code": "G\u00e9n\u00e9ral",
                "label": "G\u00e9n\u00e9ral",
                "position": "0",
                "createdAt": "2020-07-29",
                "updatedAt": "2021-08-26",
                "attributes": [

                ]
            }
        ],
        "status": "active",
        "created_at": "2021-03-21T09:21:38.000000Z",
        "updated_at": "2021-04-30T09:21:38.000000Z",
        "thirdLevelCategoryLabel": null
    },
    {
        "productId": "TM-7.3",
        "title": "TM-7.3 - FFM avec promo Offre - Vendeur inter > seuil",
        "description": "TM-7.3 - FFM avec promo Offre - Vendeur inter > seuil",
        "brand": {
            "code": 4720,
            "label": "NINTENDO",
            "image": {
                "large": {
                    "title": "Rockstar image",
                    "url": "https:\/\/lorempixel.com\/700\/700\/?18986.jpg",
                    "size": 600,
                    "width": 960,
                    "height": 720,
                    "updated_at": "2020-05-16 13:51:29"
                }
            }
        },
        "categoryId": "TM01",
        "images": {
            "large": [
                {
                    "format": "large",
                    "title": "Test",
                    "url": "https:\/\/www.cdiscount.com\/pdt2\/novisuel\/700x700.gif",
                    "size": "244",
                    "width": "700",
                    "height": "700",
                    "updated_at": "2021-03-25T09:19:46.000000Z"
                }
            ]
        },
        "variationGroupId": null,
        "variationAttributes": null,
        "attributesGroup": [
            {
                "code": "G\u00e9n\u00e9ral",
                "label": "G\u00e9n\u00e9ral",
                "position": "0",
                "createdAt": "2020-07-29",
                "updatedAt": "2021-08-26",
                "attributes": [

                ]
            }
        ],
        "status": "active",
        "created_at": "2021-03-21T09:21:38.000000Z",
        "updated_at": "2021-04-30T09:21:38.000000Z",
        "thirdLevelCategoryLabel": null
    },
    {
        "productId": "TM-8.1",
        "title": "TM-8.1 - FFM avec promo FDP - Vendeur local",
        "description": "TM-8.1 - FFM avec promo FDP - Vendeur local",
        "brand": {
            "code": 4720,
            "label": "NINTENDO",
            "image": {
                "large": {
                    "title": "Rockstar image",
                    "url": "https:\/\/lorempixel.com\/700\/700\/?18986.jpg",
                    "size": 600,
                    "width": 960,
                    "height": 720,
                    "updated_at": "2020-05-16 13:51:29"
                }
            }
        },
        "categoryId": "TM01",
        "images": {
            "large": [
                {
                    "format": "large",
                    "title": "Test",
                    "url": "https:\/\/www.cdiscount.com\/pdt2\/novisuel\/700x700.gif",
                    "size": "244",
                    "width": "700",
                    "height": "700",
                    "updated_at": "2021-03-25T09:19:46.000000Z"
                }
            ]
        },
        "variationGroupId": null,
        "variationAttributes": null,
        "attributesGroup": [
            {
                "code": "G\u00e9n\u00e9ral",
                "label": "G\u00e9n\u00e9ral",
                "position": "0",
                "createdAt": "2020-07-29",
                "updatedAt": "2021-08-26",
                "attributes": [

                ]
            }
        ],
        "status": "active",
        "created_at": "2021-03-21T09:21:38.000000Z",
        "updated_at": "2021-04-30T09:21:38.000000Z",
        "thirdLevelCategoryLabel": null
    },
    {
        "productId": "TM-8.2",
        "title": "TM-8.2 - FFM avec promo FDP - Vendeur inter < seuil",
        "description": "TM-8.2 - FFM avec promo FDP - Vendeur inter < seuil",
        "brand": {
            "code": 4720,
            "label": "NINTENDO",
            "image": {
                "large": {
                    "title": "Rockstar image",
                    "url": "https:\/\/lorempixel.com\/700\/700\/?18986.jpg",
                    "size": 600,
                    "width": 960,
                    "height": 720,
                    "updated_at": "2020-05-16 13:51:29"
                }
            }
        },
        "categoryId": "TM01",
        "images": {
            "large": [
                {
                    "format": "large",
                    "title": "Test",
                    "url": "https:\/\/www.cdiscount.com\/pdt2\/novisuel\/700x700.gif",
                    "size": "244",
                    "width": "700",
                    "height": "700",
                    "updated_at": "2021-03-25T09:19:46.000000Z"
                }
            ]
        },
        "variationGroupId": null,
        "variationAttributes": null,
        "attributesGroup": [
            {
                "code": "G\u00e9n\u00e9ral",
                "label": "G\u00e9n\u00e9ral",
                "position": "0",
                "createdAt": "2020-07-29",
                "updatedAt": "2021-08-26",
                "attributes": [

                ]
            }
        ],
        "status": "active",
        "created_at": "2021-03-21T09:21:38.000000Z",
        "updated_at": "2021-04-30T09:21:38.000000Z",
        "thirdLevelCategoryLabel": null
    },
    {
        "productId": "TM-8.3",
        "title": "TM-8.3 - FFM avec promo FDP - Vendeur inter > seuil",
        "description": "TM-8.3 - FFM avec promo FDP - Vendeur inter > seuil",
        "brand": {
            "code": 4720,
            "label": "NINTENDO",
            "image": {
                "large": {
                    "title": "Rockstar image",
                    "url": "https:\/\/lorempixel.com\/700\/700\/?18986.jpg",
                    "size": 600,
                    "width": 960,
                    "height": 720,
                    "updated_at": "2020-05-16 13:51:29"
                }
            }
        },
        "categoryId": "TM01",
        "images": {
            "large": [
                {
                    "format": "large",
                    "title": "Test",
                    "url": "https:\/\/www.cdiscount.com\/pdt2\/novisuel\/700x700.gif",
                    "size": "244",
                    "width": "700",
                    "height": "700",
                    "updated_at": "2021-03-25T09:19:46.000000Z"
                }
            ]
        },
        "variationGroupId": null,
        "variationAttributes": null,
        "attributesGroup": [
            {
                "code": "G\u00e9n\u00e9ral",
                "label": "G\u00e9n\u00e9ral",
                "position": "0",
                "createdAt": "2020-07-29",
                "updatedAt": "2021-08-26",
                "attributes": [

                ]
            }
        ],
        "status": "active",
        "created_at": "2021-03-21T09:21:38.000000Z",
        "updated_at": "2021-04-30T09:21:38.000000Z",
        "thirdLevelCategoryLabel": null
    },
    {
        "productId": "TM-9.1",
        "title": "TM-9.1 - FFM avec markup FDP - Vendeur local",
        "description": "TM-9.1 - FFM avec markup FDP - Vendeur local",
        "brand": {
            "code": 4720,
            "label": "NINTENDO",
            "image": {
                "large": {
                    "title": "Rockstar image",
                    "url": "https:\/\/lorempixel.com\/700\/700\/?18986.jpg",
                    "size": 600,
                    "width": 960,
                    "height": 720,
                    "updated_at": "2020-05-16 13:51:29"
                }
            }
        },
        "categoryId": "TM01",
        "images": {
            "large": [
                {
                    "format": "large",
                    "title": "Test",
                    "url": "https:\/\/www.cdiscount.com\/pdt2\/novisuel\/700x700.gif",
                    "size": "244",
                    "width": "700",
                    "height": "700",
                    "updated_at": "2021-03-25T09:19:46.000000Z"
                }
            ]
        },
        "variationGroupId": null,
        "variationAttributes": null,
        "attributesGroup": [
            {
                "code": "G\u00e9n\u00e9ral",
                "label": "G\u00e9n\u00e9ral",
                "position": "0",
                "createdAt": "2020-07-29",
                "updatedAt": "2021-08-26",
                "attributes": [

                ]
            }
        ],
        "status": "active",
        "created_at": "2021-03-21T09:21:38.000000Z",
        "updated_at": "2021-04-30T09:21:38.000000Z",
        "thirdLevelCategoryLabel": null
    },
    {
        "productId": "TM-9.2",
        "title": "TM-9.2 - FFM avec markup FDP - Vendeur inter < seuil",
        "description": "TM-9.2 - FFM avec markup FDP - Vendeur inter < seuil",
        "brand": {
            "code": 4720,
            "label": "NINTENDO",
            "image": {
                "large": {
                    "title": "Rockstar image",
                    "url": "https:\/\/lorempixel.com\/700\/700\/?18986.jpg",
                    "size": 600,
                    "width": 960,
                    "height": 720,
                    "updated_at": "2020-05-16 13:51:29"
                }
            }
        },
        "categoryId": "TM01",
        "images": {
            "large": [
                {
                    "format": "large",
                    "title": "Test",
                    "url": "https:\/\/www.cdiscount.com\/pdt2\/novisuel\/700x700.gif",
                    "size": "244",
                    "width": "700",
                    "height": "700",
                    "updated_at": "2021-03-25T09:19:46.000000Z"
                }
            ]
        },
        "variationGroupId": null,
        "variationAttributes": null,
        "attributesGroup": [
            {
                "code": "G\u00e9n\u00e9ral",
                "label": "G\u00e9n\u00e9ral",
                "position": "0",
                "createdAt": "2020-07-29",
                "updatedAt": "2021-08-26",
                "attributes": [

                ]
            }
        ],
        "status": "active",
        "created_at": "2021-03-21T09:21:38.000000Z",
        "updated_at": "2021-04-30T09:21:38.000000Z",
        "thirdLevelCategoryLabel": null
    },
    {
        "productId": "TM-9.3",
        "title": "TM-9.3 - FFM avec markup FDP - Vendeur inter > seuil",
        "description": "TM-9.3 - FFM avec markup FDP - Vendeur inter > seuil",
        "brand": {
            "code": 4720,
            "label": "NINTENDO",
            "image": {
                "large": {
                    "title": "Rockstar image",
                    "url": "https:\/\/lorempixel.com\/700\/700\/?18986.jpg",
                    "size": 600,
                    "width": 960,
                    "height": 720,
                    "updated_at": "2020-05-16 13:51:29"
                }
            }
        },
        "categoryId": "TM01",
        "images": {
            "large": [
                {
                    "format": "large",
                    "title": "Test",
                    "url": "https:\/\/www.cdiscount.com\/pdt2\/novisuel\/700x700.gif",
                    "size": "244",
                    "width": "700",
                    "height": "700",
                    "updated_at": "2021-03-25T09:19:46.000000Z"
                }
            ]
        },
        "variationGroupId": null,
        "variationAttributes": null,
        "attributesGroup": [
            {
                "code": "G\u00e9n\u00e9ral",
                "label": "G\u00e9n\u00e9ral",
                "position": "0",
                "createdAt": "2020-07-29",
                "updatedAt": "2021-08-26",
                "attributes": [

                ]
            }
        ],
        "status": "active",
        "created_at": "2021-03-21T09:21:38.000000Z",
        "updated_at": "2021-04-30T09:21:38.000000Z",
        "thirdLevelCategoryLabel": null
    },
    {
        "productId": "TM-10.1",
        "title": "TM-10.1 - FFM avec markup+promo FDP - Vendeur local",
        "description": "TM-10.1 - FFM avec markup+promo FDP - Vendeur local",
        "brand": {
            "code": 4720,
            "label": "NINTENDO",
            "image": {
                "large": {
                    "title": "Rockstar image",
                    "url": "https:\/\/lorempixel.com\/700\/700\/?18986.jpg",
                    "size": 600,
                    "width": 960,
                    "height": 720,
                    "updated_at": "2020-05-16 13:51:29"
                }
            }
        },
        "categoryId": "TM01",
        "images": {
            "large": [
                {
                    "format": "large",
                    "title": "Test",
                    "url": "https:\/\/www.cdiscount.com\/pdt2\/novisuel\/700x700.gif",
                    "size": "244",
                    "width": "700",
                    "height": "700",
                    "updated_at": "2021-03-25T09:19:46.000000Z"
                }
            ]
        },
        "variationGroupId": null,
        "variationAttributes": null,
        "attributesGroup": [
            {
                "code": "G\u00e9n\u00e9ral",
                "label": "G\u00e9n\u00e9ral",
                "position": "0",
                "createdAt": "2020-07-29",
                "updatedAt": "2021-08-26",
                "attributes": [

                ]
            }
        ],
        "status": "active",
        "created_at": "2021-03-21T09:21:38.000000Z",
        "updated_at": "2021-04-30T09:21:38.000000Z",
        "thirdLevelCategoryLabel": null
    },
    {
        "productId": "TM-10.2",
        "title": "TM-10.2 - FFM avec markup+promo FDP - Vendeur inter < seuil",
        "description": "TM-10.2 - FFM avec markup+promo FDP - Vendeur inter < seuil",
        "brand": {
            "code": 4720,
            "label": "NINTENDO",
            "image": {
                "large": {
                    "title": "Rockstar image",
                    "url": "https:\/\/lorempixel.com\/700\/700\/?18986.jpg",
                    "size": 600,
                    "width": 960,
                    "height": 720,
                    "updated_at": "2020-05-16 13:51:29"
                }
            }
        },
        "categoryId": "TM01",
        "images": {
            "large": [
                {
                    "format": "large",
                    "title": "Test",
                    "url": "https:\/\/www.cdiscount.com\/pdt2\/novisuel\/700x700.gif",
                    "size": "244",
                    "width": "700",
                    "height": "700",
                    "updated_at": "2021-03-25T09:19:46.000000Z"
                }
            ]
        },
        "variationGroupId": null,
        "variationAttributes": null,
        "attributesGroup": [
            {
                "code": "G\u00e9n\u00e9ral",
                "label": "G\u00e9n\u00e9ral",
                "position": "0",
                "createdAt": "2020-07-29",
                "updatedAt": "2021-08-26",
                "attributes": [

                ]
            }
        ],
        "status": "active",
        "created_at": "2021-03-21T09:21:38.000000Z",
        "updated_at": "2021-04-30T09:21:38.000000Z",
        "thirdLevelCategoryLabel": null
    },
    {
        "productId": "TM-10.3",
        "title": "TM-10.3 - FFM avec markup+promo FDP - Vendeur inter > seuil",
        "description": "TM-10.3 - FFM avec markup+promo FDP - Vendeur inter > seuil",
        "brand": {
            "code": 4720,
            "label": "NINTENDO",
            "image": {
                "large": {
                    "title": "Rockstar image",
                    "url": "https:\/\/lorempixel.com\/700\/700\/?18986.jpg",
                    "size": 600,
                    "width": 960,
                    "height": 720,
                    "updated_at": "2020-05-16 13:51:29"
                }
            }
        },
        "categoryId": "TM01",
        "images": {
            "large": [
                {
                    "format": "large",
                    "title": "Test",
                    "url": "https:\/\/www.cdiscount.com\/pdt2\/novisuel\/700x700.gif",
                    "size": "244",
                    "width": "700",
                    "height": "700",
                    "updated_at": "2021-03-25T09:19:46.000000Z"
                }
            ]
        },
        "variationGroupId": null,
        "variationAttributes": null,
        "attributesGroup": [
            {
                "code": "G\u00e9n\u00e9ral",
                "label": "G\u00e9n\u00e9ral",
                "position": "0",
                "createdAt": "2020-07-29",
                "updatedAt": "2021-08-26",
                "attributes": [

                ]
            }
        ],
        "status": "active",
        "created_at": "2021-03-21T09:21:38.000000Z",
        "updated_at": "2021-04-30T09:21:38.000000Z",
        "thirdLevelCategoryLabel": null
    },
    {
        "productId": "TM-11.1",
        "title": "TM-11.1 - FFM Ecotax et Deetax - Vendeur inter > seuil",
        "description": "TM-11.1 - FFM Ecotax et Deetax - Vendeur inter > seuil",
        "brand": {
            "code": 4720,
            "label": "NINTENDO",
            "image": {
                "large": {
                    "title": "Rockstar image",
                    "url": "https:\/\/lorempixel.com\/700\/700\/?18986.jpg",
                    "size": 600,
                    "width": 960,
                    "height": 720,
                    "updated_at": "2020-05-16 13:51:29"
                }
            }
        },
        "categoryId": "TM02",
        "images": {
            "large": [
                {
                    "format": "large",
                    "title": "Test",
                    "url": "https:\/\/www.cdiscount.com\/pdt2\/novisuel\/700x700.gif",
                    "size": "244",
                    "width": "700",
                    "height": "700",
                    "updated_at": "2021-03-25T09:19:46.000000Z"
                }
            ]
        },
        "variationGroupId": null,
        "variationAttributes": null,
        "attributesGroup": [
            {
                "code": "G\u00e9n\u00e9ral",
                "label": "G\u00e9n\u00e9ral",
                "position": "0",
                "createdAt": "2020-07-29",
                "updatedAt": "2021-08-26",
                "attributes": [

                ]
            }
        ],
        "status": "active",
        "created_at": "2021-03-21T09:21:38.000000Z",
        "updated_at": "2021-04-30T09:21:38.000000Z",
        "thirdLevelCategoryLabel": null
    }
]