[
  {
    "sellerId": 9999,
    "creationDate": "2021-06-01T17:54:00.000000Z",
    "lastUpdateDate": "2021-06-01T17:54:00.000000Z",
    "shopName": "Taxes Marjane Vendeur Test",
    "shopUrl": "https://www.cdiscount.com/mpv-8876-jeux-video-du-net.html",
    "shopLogo": {
      "url": "https://picsum.photos/1280/720?60d6065aeec24.jpg",
      "renditions": [
        {
          "name": "small",
          "url": "https://picsum.photos/320/240?60d6065aeec24.jpg",
          "width": 320,
          "height": 240
        },
        {
          "name": "medium",
          "url": "https://picsum.photos/640/480?60d6065aeec24.jpg",
          "width": 640,
          "height": 480
        },
        {
          "name": "large",
          "url": "https://picsum.photos/1280/720?60d6065aeec24.jpg",
          "width": 1280,
          "height": 720
        }
      ]
    },
    "companyRegistrationNumber":  79524002700016,
    "deliveryModes": null,
    "subscription": null,
    "email": "DCEAEAFEDDFA.42711006532985942183@cdutil.com",
    "salesAdvicesEmail": "DCEAEAFEDDFA.42711006532985942183@cdutil.com",
    "notificationsEmail": "DCEAEAFEDDFA.42711006532985942183@cdutil.com",
    "state": "Activated",
    "subState": "Active",
    "mobileNumber": null,
    "address": [
      {
        "type": "headOffice",
        "address1": "Place du Commandant-Espérandieu",
        "address2": null,
        "appartmentNumber": null,
        "building": null,
        "zipCode": "30360",
        "city": "Saint-Hippolyte-de-Caton",
        "county": null,
        "country": "France",
        "instructions": null
      },
      {
        "type": "customerService",
        "address1": "Place du Commandant-Espérandieu",
        "address2": null,
        "appartmentNumber": null,
        "building": null,
        "zipCode": "30360",
        "city": "Saint-Hippolyte-de-Caton",
        "county": null,
        "country": "France",
        "instructions": null
      },
      {
        "type": "return",
        "address1": "Place du Commandant-Espérandieu",
        "address2": null,
        "appartmentNumber": null,
        "building": null,
        "zipCode": "30360",
        "city": "Saint-Hippolyte-de-Caton",
        "county": null,
        "country": "France",
        "instructions": null
      }
    ],
    "shippingCountry": "France",
    "legalCompanyName": "SAS JVO",
    "legalStatus": "SAS",
    "companyCapital": "10000 EUR",
    "intracomVat": "FR49795240027",
    "isFulfillment": "true",
    "legal_terms": [
      {
        "description": null,
        "languageCode": "fr"
      }
    ]
  }
]
