<?xml version="1.0" encoding="UTF-8"?>
<config xmlns:xsi="http://www.w3.org/2001/XMLSchema-instance"
        xsi:noNamespaceSchemaLocation="urn:magento:framework:ObjectManager/etc/config.xsd">
    <type name="Maas\CatalogRule\Model\ApplyRules">
        <arguments>
            <argument name="batchRowsCount" xsi:type="array">
                <item name="remove" xsi:type="number">1000</item>
                <item name="assign" xsi:type="number">100</item>
            </argument>
            <argument name="batchSizeManagement" xsi:type="object">Maas\CatalogRule\Model\BatchSizeManagement</argument>
        </arguments>
    </type>
    <virtualType name="Maas\CatalogRule\Model\BatchSizeManagement" type="Magento\Framework\Indexer\BatchSizeManagement">
        <arguments>
            <argument name="rowSizeEstimator" xsi:type="object">Maas\CatalogRule\Model\IndexTableRowSizeEstimator</argument>
        </arguments>
    </virtualType>
    <virtualType name="Maas\CatalogRule\Model\IndexTableRowSizeEstimator" type="Magento\Framework\Indexer\IndexTableRowSizeEstimator">
        <arguments>
            <argument name="rowMemorySize" xsi:type="number">100</argument>
        </arguments>
    </virtualType>
    <preference for="Maas\CatalogRule\Api\Data\CatalogRuleInterface" type="Maas\CatalogRule\Model\CatalogRule"/>
    <preference for="Maas\CatalogRule\Api\CatalogRuleRepositoryInterface"
                type="Maas\CatalogRule\Model\CatalogRuleRepository"/>
    <preference for="Maas\CatalogRule\Api\Data\CatalogRuleSearchResultsInterface"
                type="Magento\Framework\Api\SearchResults"/>
    <preference for="Maas\CatalogRule\Api\Data\ConditionInterface" type="Maas\CatalogRule\Model\Data\Condition" />
    <type name="Maas\CatalogRule\Model\ResourceModel\CatalogRule">
        <arguments>
            <argument name="eventManager" xsi:type="object">Magento\Framework\Event\Manager\Proxy</argument>
        </arguments>
    </type>
    <type name="Magento\Framework\View\Element\UiComponent\DataProvider\CollectionFactory">
        <arguments>
            <argument name="collections" xsi:type="array">
                <item name="maas_catalog_rule_listing_data_source" xsi:type="string">maasCatalogRuleSearchResult</item>
            </argument>
        </arguments>
    </type>
    <type name="Magento\Framework\Model\Entity\RepositoryFactory">
        <arguments>
            <argument name="entities" xsi:type="array">
                <item name="Maas\CatalogRule\Api\Data\CatalogRuleInterface" xsi:type="string">Maas\CatalogRule\Api\CatalogRuleRepositoryInterface</item>
            </argument>
        </arguments>
    </type>
    <virtualType name="maasCatalogRuleSearchResult" type="Magento\Framework\View\Element\UiComponent\DataProvider\SearchResult">
        <arguments>
            <argument name="mainTable" xsi:type="string">maas_catalog_rule_engine</argument>
            <argument name="resourceModel" xsi:type="string">Maas\CatalogRule\Model\ResourceModel\CatalogRule</argument>
        </arguments>
    </virtualType>
    <type name="Magento\Framework\EntityManager\MetadataPool">
        <arguments>
            <argument name="metadata" xsi:type="array">
                <item name="Maas\CatalogRule\Api\Data\CatalogRuleInterface" xsi:type="array">
                    <item name="entityTableName" xsi:type="string">maas_catalog_rule_engine</item>
                    <item name="identifierField" xsi:type="string">rule_id</item>
                </item>
            </argument>
        </arguments>
    </type>
    <type name="Magento\Framework\EntityManager\Operation\AttributePool">
        <arguments>
            <argument name="extensionActions" xsi:type="array">
                <item name="catalogRuleEngine" xsi:type="array">
                    <item name="Maas\CatalogRule\Api\Data\CatalogRuleInterface" xsi:type="array">
                        <item name="create" xsi:type="string">Maas\CatalogRule\Model\ResourceModel\CatalogRule\Relation\Website\SaveHandler</item>
                        <item name="update" xsi:type="string">Maas\CatalogRule\Model\ResourceModel\CatalogRule\Relation\Website\SaveHandler</item>
                        <item name="read" xsi:type="string">Maas\CatalogRule\Model\ResourceModel\CatalogRule\Relation\Website\ReadHandler</item>
                    </item>
                </item>
            </argument>
        </arguments>
    </type>
    <type name="Magento\Framework\EntityManager\HydratorPool">
        <arguments>
            <argument name="hydrators" xsi:type="array">
                <item name="Maas\CatalogRule\Api\Data\CatalogRuleInterface" xsi:type="string">Magento\Framework\EntityManager\AbstractModelHydrator</item>
            </argument>
        </arguments>
    </type>
    <virtualType name="MaasCatalogRuleAssociatedEntityMap" type="Magento\Framework\DataObject">
        <arguments>
            <argument name="data" xsi:type="array">
                <item name="website" xsi:type="array">
                    <item name="associations_table" xsi:type="string">maas_catalog_rule_engine_website</item>
                    <item name="rule_id_field" xsi:type="string">rule_id</item>
                    <item name="entity_id_field" xsi:type="string">website_id</item>
                </item>
            </argument>
        </arguments>
    </virtualType>
    <type name="Maas\CatalogRule\Model\ResourceModel\CatalogRule">
        <arguments>
            <argument name="associatedEntityMap" xsi:type="object">MaasCatalogRuleAssociatedEntityMap</argument>
        </arguments>
    </type>
    <type name="Maas\CatalogRule\Model\ResourceModel\CatalogRule\Collection">
        <arguments>
            <argument name="associatedEntityMap" xsi:type="object">MaasCatalogRuleAssociatedEntityMap</argument>
        </arguments>
    </type>
    <type name="Magento\Rule\Model\Condition\Combine">
        <plugin name="load_aggregator_option_translator" type="\Maas\CatalogRule\Plugin\LoadAggregatorOptionTranslator"/>
    </type>
    <virtualType name="CatalogRuleCustomConditionProvider" type="Magento\Framework\Api\SearchCriteria\CollectionProcessor\ConditionProcessor\CustomConditionProvider">
        <arguments>
            <argument name="customConditionProcessors" xsi:type="array">
                <item name="category_ids" xsi:type="object">Magento\Catalog\Model\Api\SearchCriteria\CollectionProcessor\ConditionProcessor\ProductCategoryCondition</item>
            </argument>
        </arguments>
    </virtualType>
    <virtualType name="CatalogRuleAdvancedFilterProcessor" type="Magento\Framework\Api\SearchCriteria\CollectionProcessor\AdvancedFilterProcessor">
        <arguments>
            <argument name="defaultConditionProcessor" xsi:type="object">Magento\Catalog\Model\Api\SearchCriteria\CollectionProcessor\ConditionProcessor\DefaultCondition</argument>
            <argument name="customConditionProvider" xsi:type="object">CatalogRuleCustomConditionProvider</argument>
        </arguments>
    </virtualType>
    <type name="Maas\CatalogRule\Model\ResourceModel\Product\ConditionsToCollectionApplier">
        <arguments>
            <argument name="searchCriteriaProcessor" xsi:type="object">CatalogRuleAdvancedFilterProcessor</argument>
        </arguments>
    </type>
    <type name="Magento\CatalogRule\Model\Rule\Condition\MappableConditionsProcessor">
        <arguments>
            <argument name="customConditionProvider" xsi:type="object">CatalogRuleCustomConditionProvider</argument>
        </arguments>
    </type>
    <type name="Magento\Framework\Console\CommandList">
        <arguments>
            <argument name="commands" xsi:type="array">
                <item name="maas-apply-rules" xsi:type="object">Maas\CatalogRule\Console\Command\ApplyRules</item>
            </argument>
        </arguments>
    </type>

    <!-- Repositories -->
    <type name="Maas\CatalogRule\Model\CatalogRuleRepository">
        <arguments>
            <argument name="resource" xsi:type="object">Maas\CatalogRule\Model\ResourceModel\CatalogRule</argument>
            <argument name="modelFactory" xsi:type="object">Maas\CatalogRule\Api\Data\CatalogRuleInterfaceFactory</argument>
            <argument name="collectionFactory" xsi:type="object">Maas\CatalogRule\Model\ResourceModel\CatalogRule\CollectionFactory</argument>
            <argument name="searchResultsFactory" xsi:type="object">Maas\CatalogRule\Api\Data\CatalogRuleSearchResultsInterfaceFactory</argument>
        </arguments>
    </type>
</config>
