<?xml version="1.0"?>
<config xmlns:xsi="http://www.w3.org/2001/XMLSchema-instance" xsi:noNamespaceSchemaLocation="urn:magento:framework:ObjectManager/etc/config.xsd">
    <type name="Magento\Framework\Notification\MessageList">
        <arguments>
            <argument name="messages" xsi:type="array">
                <item name="maasgrc_typology_missing_value" xsi:type="string">Maas\Grc\Model\System\Message\MissingTypologyValue</item>
            </argument>
        </arguments>
    </type>
</config>
