<?xml version="1.0"?>
<config xmlns:xsi="http://www.w3.org/2001/XMLSchema-instance"
        xsi:noNamespaceSchemaLocation="urn:magento:module:Magento_Config:etc/system_file.xsd">
    <system>
        <section id="maas_grc" translate="label" sortOrder="80" showInDefault="1" showInWebsite="1" showInStore="1">
            <class>separator-top</class>
            <label>Discussions</label>
            <tab>maas_plugin</tab>
            <resource>Maas_Core::config</resource>
            <group id="general" translate="label" type="text" sortOrder="10" showInDefault="1" showInWebsite="0"
                   showInStore="0">
                <label>Discussions</label>
                <field id="edit_maas_timeout" translate="label" type="text" sortOrder="10" showInDefault="1"
                       showInWebsite="0" showInStore="0">
                    <label>Timeout (ms)</label>
                </field>
            </group>
            <group id="customer_contact" translate="label" type="text" sortOrder="20" showInDefault="1"
                   showInWebsite="1" showInStore="1">
                <label>Customer contact</label>
                <field id="grc_customer_contact_point" translate="label" type="select" sortOrder="10" showInDefault="1"
                       showInWebsite="0" showInStore="0">
                    <label>Customer contact point</label>
                    <source_model>Maas\Grc\Model\Config\Source\ContactPoint</source_model>
                </field>
            </group>
            <group id="email_new_message_notification" translate="label" type="text" sortOrder="100" showInDefault="1"
                   showInWebsite="1" showInStore="1">
                <label>New Message Notification Email</label>
                <field id="grc_notification_enabled" translate="label" type="select" sortOrder="0" showInDefault="1" showInWebsite="1"
                       showInStore="1" canRestore="1">
                    <label>Enabled</label>
                    <source_model>Magento\Config\Model\Config\Source\Yesno</source_model>
                    <backend_model>Maas\Core\Model\Config\Backend\CronFrequency</backend_model>
                </field>
                <field id="grc_notification_frequency" translate="label" type="select" sortOrder="1"
                       showInDefault="1" showInWebsite="0" showInStore="0">
                    <label>Frequency of notification (minutes)</label>
                    <source_model>Maas\Core\Model\Config\Source\Minutes</source_model>
                    <depends>
                        <field id="grc_notification_enabled">1</field>
                    </depends>
                </field>
                <field id="identity" translate="label" type="select" sortOrder="1" showInDefault="1" showInWebsite="1"
                       showInStore="1" canRestore="1">
                    <label>New Message Notification Email Sender</label>
                    <source_model>Magento\Config\Model\Config\Source\Email\Identity</source_model>
                    <depends>
                        <field id="enabled">1</field>
                    </depends>
                </field>
                <field id="template" translate="label comment" type="select" sortOrder="2" showInDefault="1"
                       showInWebsite="1" showInStore="1" canRestore="1">
                    <label>New Message Notification Email Template</label>
                    <comment>Email template chosen based on theme fallback when "Default" option is selected.</comment>
                    <source_model>Magento\Config\Model\Config\Source\Email\Template</source_model>
                    <depends>
                        <field id="enabled">1</field>
                    </depends>
                </field>
                <field id="copy_to" translate="label comment" type="text" sortOrder="4" showInDefault="1"
                       showInWebsite="1" showInStore="1">
                    <label>New Message Notification Email Copy To</label>
                    <comment>Comma-separated.</comment>
                    <validate>validate-emails</validate>
                    <depends>
                        <field id="enabled">1</field>
                    </depends>
                </field>
                <field id="copy_method" translate="label" type="select" sortOrder="5" showInDefault="1"
                       showInWebsite="1" showInStore="1" canRestore="1">
                    <label>New Message Notification Email Copy Method</label>
                    <source_model>Magento\Config\Model\Config\Source\Email\Method</source_model>
                    <depends>
                        <field id="enabled">1</field>
                    </depends>
                </field>
            </group>
        </section>
        <section id="trans_email" translate="label" type="text" sortOrder="90" showInDefault="1" showInWebsite="1"
                 showInStore="1">
            <class>separator-top</class>
            <label>Store Email Addresses</label>
            <tab>general</tab>
            <resource>Magento_Config::trans_email</resource>
            <group id="ident_maas_grc" translate="label" type="text" sortOrder="1000" showInDefault="1"
                   showInWebsite="1" showInStore="1">
                <label>Octopia Customer Service</label>
                <field id="email" translate="label" type="text" sortOrder="2" showInDefault="1" showInWebsite="1"
                       showInStore="1" canRestore="1">
                    <label>Sender Email</label>
                    <validate>validate-email</validate>
                    <backend_model>Magento\Config\Model\Config\Backend\Email\Address</backend_model>
                </field>
                <field id="name" translate="label" type="text" sortOrder="1" showInDefault="1" showInWebsite="1"
                       showInStore="1" canRestore="1">
                    <label>Sender Name</label>
                    <backend_model>Magento\Config\Model\Config\Backend\Email\Sender</backend_model>
                    <validate>validate-emailSender</validate>
                </field>
            </group>
        </section>
    </system>
</config>
