<?xml version="1.0"?>
<config xmlns:xsi="http://www.w3.org/2001/XMLSchema-instance" xsi:noNamespaceSchemaLocation="urn:magento:module:Magento_Config:etc/system_file.xsd">
    <system>
        <section id="maas_general">
            <group id="general">
                <field id="environment" translate="label" type="select" sortOrder="1" showInDefault="1" showInWebsite="0" showInStore="0">
                    <label>Environment</label>
                    <source_model>Maas\ImportExport\Model\Config\Source\Environment</source_model>
                </field>
                <field id="mq_mode" translate="label" type="select" sortOrder="2" showInDefault="1" showInWebsite="0" showInStore="0">
                    <label>Message Queue connection method</label>
                    <source_model>Maas\ImportExport\Model\Config\Source\MqMode</source_model>
                </field>
            </group>
            <group id="authentication" translate="label" sortOrder="20" showInDefault="1" showInWebsite="0" showInStore="0">
                <label>Authentication</label>
                <attribute type="expanded">1</attribute>
                <field id="api_client_id" translate="label" type="text" sortOrder="1" showInDefault="1" showInWebsite="0" showInStore="0">
                    <label>Api Client ID</label>
                    <validate>required-entry</validate>
                </field>
                <field id="api_client_secret" translate="label comment" type="text" sortOrder="2" showInDefault="1" showInWebsite="0" showInStore="0">
                    <label>Api Client Secret</label>
                    <validate>required-entry</validate>
                </field>
                <field id="run_test" translate="label comment tooltip" type="button" sortOrder="20" showInDefault="1" showInWebsite="1" showInStore="0">
                    <label/>
                    <frontend_model>Maas\ImportExport\Block\System\Config\RunConfig</frontend_model>
                </field>
            </group>
        </section>
        <section id="maas_categories">
            <group id="advanced">
                <field id="categories_to_exclude" translate="label comment" type="textarea" sortOrder="150" showInDefault="1" showInWebsite="0" showInStore="0">
                    <label>Categories to exclude</label>
                    <comment>Separate categories by comma</comment>
                </field>
            </group>
        </section>
        <section id="maas_products">
            <group id="general">
                <field id="catalog_product_import_enabled" translate="label" type="select" sortOrder="70" showInDefault="1" showInWebsite="0" showInStore="0">
                    <label>Products import enabled</label>
                    <source_model>Magento\Config\Model\Config\Source\Yesno</source_model>
                    <backend_model>Maas\Core\Model\Config\Backend\CronFrequency</backend_model>
                </field>
                <field id="catalog_product_import_frequency" translate="label" type="select" sortOrder="80" showInDefault="1" showInWebsite="0" showInStore="0">
                    <label>Products import frequency (hours)</label>
                    <source_model>Maas\Core\Model\Config\Source\Hours</source_model>
                    <depends>
                        <field id="catalog_product_import_enabled">1</field>
                    </depends>
                </field>
                <field id="catalog_product_import_delta_enabled" translate="label" type="select" sortOrder="70" showInDefault="1" showInWebsite="0" showInStore="0">
                    <label>Products import differential enabled</label>
                    <source_model>Magento\Config\Model\Config\Source\Yesno</source_model>
                </field>
                <field id="catalog_variant_product_import" translate="label" type="select" sortOrder="90" showInDefault="1" showInWebsite="0" showInStore="0">
                    <label>Include variant products import</label>
                    <source_model>Magento\Config\Model\Config\Source\Yesno</source_model>
                </field>
            </group>
            <group id="advanced">
                <field id="products_limit" translate="label" type="text" sortOrder="10" showInDefault="90" showInWebsite="0" showInStore="0">
                    <label>Number of products per page in the API response</label>
                    <validate>validate-digits validate-greater-than-zero validate-not-negative-number</validate>
                </field>
                <field id="consumer_processes_number" translate="label" type="select" sortOrder="110" showInDefault="1" showInWebsite="0" showInStore="0">
                    <label>Number of simultaneous product creation in the pooling system</label>
                    <source_model>Maas\ImportExport\Model\Config\Source\Consumers</source_model>
                </field>
                <field id="products_per_message" translate="label" type="text" sortOrder="140" showInDefault="1" showInWebsite="0" showInStore="0">
                    <label>Number of simultaneous product creation in Magento</label>
                    <validate>validate-digits validate-greater-than-zero validate-not-negative-number</validate>
                </field>
                <field id="max_products_to_import" translate="label comment" type="text" sortOrder="150" showInDefault="1" showInWebsite="0" showInStore="0">
                    <label>Maximum products to import</label>
                    <comment>If empty, all products will be imported and differential import is enabled</comment>
                    <validate>validate-digits validate-greater-than-zero validate-not-negative-number</validate>
                </field>
                <field id="disable_import_images" translate="label" type="select" sortOrder="160" showInDefault="1" showInWebsite="0" showInStore="0">
                    <label>Disable import images</label>
                    <source_model>Magento\Config\Model\Config\Source\Yesno</source_model>
                </field>
            </group>
        </section>
        <section id="maas_tax" translate="label" sortOrder="50" showInDefault="1" showInWebsite="1" showInStore="1">
            <class>separator-top</class>
            <label>Tax</label>
            <tab>maas_plugin</tab>
            <resource>Maas_Core::config</resource>
            <group id="general" translate="label" type="text" sortOrder="10" showInDefault="1" showInWebsite="0" showInStore="0">
                <label>Tax</label>
                <field id="tax_categories" translate="label comment" type="text" sortOrder="10" showInDefault="1" showInWebsite="0" showInStore="0">
                    <label>Define Octopia fixed tax categories</label>
                    <comment>Comma-separated categories</comment>
                    <backend_model>Maas\Catalog\Model\Config\Backend\TaxCategories</backend_model>
                </field>
            </group>
        </section>
        <section id="maas_offers">
            <group id="general">
                <field id="offer_offer_import_enabled" translate="label" type="select" sortOrder="10" showInDefault="1" showInWebsite="0" showInStore="0">
                    <label>Offers import enabled</label>
                    <source_model>Magento\Config\Model\Config\Source\Yesno</source_model>
                    <backend_model>Maas\Core\Model\Config\Backend\CronFrequency</backend_model>
                </field>
                <field id="offer_offer_import_frequency" translate="label" type="select" sortOrder="20" showInDefault="1" showInWebsite="0" showInStore="0">
                    <label>Offers import frequency (min)</label>
                    <source_model>Maas\Core\Model\Config\Source\Minutes</source_model>
                    <depends>
                        <field id="offer_offer_import_enabled">1</field>
                    </depends>
                </field>
                <field id="offer_offer_import_delta_enabled" translate="label" type="select" sortOrder="70" showInDefault="1" showInWebsite="0" showInStore="0">
                    <label>Offers import differential enabled</label>
                    <source_model>Magento\Config\Model\Config\Source\Yesno</source_model>
                </field>
            </group>
            <group id="advanced">
                <field id="offer_consumer_processes_number" translate="label" type="select" sortOrder="100" showInDefault="1" showInWebsite="0" showInStore="0">
                    <label>Number of simultaneous offers creation</label>
                    <source_model>Maas\ImportExport\Model\Config\Source\Consumers</source_model>
                </field>
                <field id="offers_limit" translate="label" type="text" sortOrder="110" showInDefault="1" showInWebsite="0" showInStore="0">
                    <label>Number of offers per page in the API response</label>
                    <validate>validate-digits validate-greater-than-zero validate-not-negative-number</validate>
                </field>
                <field id="offers_per_message" translate="label" type="text" sortOrder="150" showInDefault="1" showInWebsite="0" showInStore="0">
                    <label>Number of offers per message</label>
                    <validate>validate-digits validate-greater-than-zero validate-not-negative-number</validate>
                </field>
                <field id="max_offers_to_import" translate="label comment" type="text" sortOrder="160" showInDefault="1" showInWebsite="0" showInStore="0">
                    <label>Maximum offers to import</label>
                    <comment>If empty, all offers will be imported</comment>
                    <validate>validate-digits validate-greater-than-zero validate-not-negative-number</validate>
                </field>
            </group>
        </section>
        <section id="maas_bestoffer">
            <group id="general">
                <field id="best_offer_update_enabled" translate="label" type="select" sortOrder="70" showInDefault="1" showInWebsite="0" showInStore="0">
                    <label>Update best offer on the product enabled</label>
                    <source_model>Magento\Config\Model\Config\Source\Yesno</source_model>
                    <backend_model>Maas\Core\Model\Config\Backend\CronFrequency</backend_model>
                </field>
                <field id="best_offer_update_frequency" translate="label" type="select" sortOrder="80" showInDefault="1" showInWebsite="0" showInStore="0">
                    <label>Update best offer on the product (min)</label>
                    <source_model>Maas\Core\Model\Config\Source\Minutes</source_model>
                    <depends>
                        <field id="best_offer_update_enabled">1</field>
                    </depends>
                </field>
                <field id="bestoffer_limit" translate="label" type="text" sortOrder="10" showInDefault="150" showInWebsite="0" showInStore="0">
                    <label>Limit of the best offer</label>
                    <validate>validate-digits validate-greater-than-zero validate-not-negative-number</validate>
                    <depends>
                        <field id="best_offer_update_enabled">1</field>
                    </depends>
                </field>
                <field id="bestoffer_max" translate="label comment" type="text" sortOrder="10" showInDefault="160" showInWebsite="0" showInStore="0">
                    <label>Max of the best offer</label>
                    <comment>If empty, all the best offer will be processed</comment>
                    <validate>validate-digits validate-not-negative-number</validate>
                    <depends>
                        <field id="best_offer_update_enabled">1</field>
                    </depends>
                </field>
                <field id="bestoffer_parallel_processes_number" translate="label" type="text" sortOrder="10" showInDefault="170" showInWebsite="0" showInStore="0">
                    <label>Number of simultaneous processes of the best offer</label>
                    <validate>validate-digits validate-greater-than-zero validate-not-negative-number</validate>
                    <depends>
                        <field id="best_offer_update_enabled">1</field>
                    </depends>
                </field>
            </group>
        </section>
        <section id="maas_orders">
            <group id="general">
                <field id="order_orders_export_enabled" translate="label" type="select" sortOrder="10" showInDefault="1" showInWebsite="0" showInStore="0">
                    <label>Orders export enabled</label>
                    <source_model>Magento\Config\Model\Config\Source\Yesno</source_model>
                    <backend_model>Maas\Core\Model\Config\Backend\CronFrequency</backend_model>
                </field>
                <field id="order_orders_export_frequency" translate="label" type="select" sortOrder="20" showInDefault="1" showInWebsite="0" showInStore="0">
                    <label>Orders export frequency (min)</label>
                    <source_model>Maas\Core\Model\Config\Source\Minutes</source_model>
                    <depends>
                        <field id="order_orders_export_enabled">1</field>
                    </depends>
                </field>
                <field id="order_status_import_enabled" translate="label" type="select" sortOrder="30" showInDefault="1" showInWebsite="0" showInStore="0">
                    <label>Orders status import enabled</label>
                    <source_model>Magento\Config\Model\Config\Source\Yesno</source_model>
                    <backend_model>Maas\Core\Model\Config\Backend\CronFrequency</backend_model>
                </field>
                <field id="order_status_import_frequency" translate="label" type="select" sortOrder="40" showInDefault="1" showInWebsite="0" showInStore="0">
                    <label>Orders status import frequency (min)</label>
                    <source_model>Maas\Core\Model\Config\Source\Minutes</source_model>
                    <depends>
                        <field id="order_status_import_enabled">1</field>
                    </depends>
                </field>
                <field id="order_orders_export_discounted" translate="label" type="select" sortOrder="50" showInDefault="1" showInWebsite="0" showInStore="0">
                    <label>Export discounted amounts (if applicable)</label>
                    <source_model>Magento\Config\Model\Config\Source\Yesno</source_model>
                </field>
            </group>
        </section>
        <section id="maas_sellers">
            <group id="general">
                <field id="seller_seller_import_enabled" translate="label" type="select" sortOrder="10" showInDefault="1" showInWebsite="0" showInStore="0">
                    <label>Sellers import enabled</label>
                    <source_model>Magento\Config\Model\Config\Source\Yesno</source_model>
                    <backend_model>Maas\Core\Model\Config\Backend\CronFrequency</backend_model>
                </field>
                <field id="seller_seller_import_frequency" translate="label" type="select" sortOrder="20" showInDefault="1" showInWebsite="0" showInStore="0">
                    <label>Sellers import frequency (hour)</label>
                    <source_model>Maas\Core\Model\Config\Source\Hours</source_model>
                    <depends>
                        <field id="seller_seller_import_enabled">1</field>
                    </depends>
                </field>
                <field id="seller_seller_import_delta_enabled" translate="label" type="select" sortOrder="70" showInDefault="1" showInWebsite="0" showInStore="0">
                    <label>Sellers import differential enabled</label>
                    <source_model>Magento\Config\Model\Config\Source\Yesno</source_model>
                </field>
            </group>
            <group id="advanced">
                <field id="seller_parallel_processes_number" translate="label" type="text" sortOrder="90" showInDefault="1" showInWebsite="0" showInStore="0">
                    <label>Number of simultaneous API call</label>
                    <validate>validate-digits validate-greater-than-zero validate-not-negative-number</validate>
                </field>
                <field id="seller_consumer_processes_number" translate="label" type="text" sortOrder="100" showInDefault="1" showInWebsite="0" showInStore="0">
                    <label>Number of simultaneous sellers creation</label>
                    <source_model>Maas\ImportExport\Model\Config\Source\Consumers</source_model>
                </field>
                <field id="sellers_limit" translate="label" type="text" sortOrder="110" showInDefault="1" showInWebsite="0" showInStore="0">
                    <label>Number of sellers per page in the API response</label>
                    <validate>validate-digits validate-greater-than-zero validate-not-negative-number</validate>
                </field>
                <field id="sellers_per_message" translate="label" type="text" sortOrder="150" showInDefault="1" showInWebsite="0" showInStore="0">
                    <label>Number of sellers per message</label>
                    <validate>validate-digits validate-greater-than-zero validate-not-negative-number</validate>
                </field>
            </group>
        </section>
        <section id="maas_import_perf">
            <group id="general" translate="label" type="text" sortOrder="10" showInDefault="1" showInWebsite="0" showInStore="0">
                <label>Performances analysis</label>
            </group>
        </section>
        <section id="maas_api" translate="label" sortOrder="2001" showInDefault="1" showInWebsite="0" showInStore="0">
            <class>separator-top</class>
            <label>API Configuration</label>
            <tab>maas_plugin</tab>
            <resource>Maas_Core::config</resource>
            <group id="production" translate="label" sortOrder="10" showInDefault="1" showInWebsite="0" showInStore="0">
                <label>env_production</label>
                <attribute type="expanded">1</attribute>
                <field id="api_version" translate="label" type="select" sortOrder="10" showInDefault="1" showInWebsite="0" showInStore="0">
                    <label>API Version</label>
                    <source_model>\Maas\ImportExport\Model\Config\Source\ApiVersion</source_model>
                </field>
                <field id="auth_api_url" translate="label" type="text" sortOrder="20" showInDefault="1" showInWebsite="0" showInStore="0">
                    <label>Authentication URL</label>
                </field>
                <field id="token_api_url" translate="label" type="text" sortOrder="25" showInDefault="1" showInWebsite="0" showInStore="0">
                    <label>Token URL</label>
                </field>
                <field id="products_api_url" translate="label" type="text" sortOrder="30" showInDefault="1" showInWebsite="0" showInStore="0">
                    <label>Products URL</label>
                </field>
                <field id="offers_api_url" translate="label" type="text" sortOrder="40" showInDefault="1" showInWebsite="0" showInStore="0">
                    <label>Offers URL</label>
                </field>
                <field id="discussions_api_url" translate="label" type="text" sortOrder="60" showInDefault="1" showInWebsite="0" showInStore="0">
                    <label>Discussions URL</label>
                </field>
                <field id="orders_api_url" translate="label" type="text" sortOrder="70" showInDefault="1" showInWebsite="0" showInStore="0">
                    <label>Orders URL</label>
                </field>
                <field id="sellers_api_url" translate="label" type="text" sortOrder="80" showInDefault="1" showInWebsite="0" showInStore="0">
                    <label>Sellers URL</label>
                </field>
            </group>
            <group id="userbox" translate="label" sortOrder="20" showInDefault="1" showInWebsite="0" showInStore="0">
                <label>env_userbox</label>
                <attribute type="expanded">1</attribute>
                <field id="api_version" translate="label" type="select" sortOrder="10" showInDefault="1" showInWebsite="0" showInStore="0">
                    <label>API Version</label>
                    <source_model>\Maas\ImportExport\Model\Config\Source\ApiVersion</source_model>
                </field>
                <field id="auth_api_url" translate="label" type="text" sortOrder="20" showInDefault="1" showInWebsite="0" showInStore="0">
                    <label>Authentication URL</label>
                </field>
                <field id="token_api_url" translate="label" type="text" sortOrder="25" showInDefault="1" showInWebsite="0" showInStore="0">
                    <label>Token URL</label>
                </field>
                <field id="products_api_url" translate="label" type="text" sortOrder="30" showInDefault="1" showInWebsite="0" showInStore="0">
                    <label>Products URL</label>
                </field>
                <field id="offers_api_url" translate="label" type="text" sortOrder="40" showInDefault="1" showInWebsite="0" showInStore="0">
                    <label>Offers URL</label>
                </field>
                <field id="discussions_api_url" translate="label" type="text" sortOrder="60" showInDefault="1" showInWebsite="0" showInStore="0">
                    <label>Discussions URL</label>
                </field>
                <field id="orders_api_url" translate="label" type="text" sortOrder="70" showInDefault="1" showInWebsite="0" showInStore="0">
                    <label>Orders URL</label>
                </field>
                <field id="sellers_api_url" translate="label" type="text" sortOrder="80" showInDefault="1" showInWebsite="0" showInStore="0">
                    <label>Sellers URL</label>
                </field>
            </group>
            <group id="preprod" translate="label" sortOrder="30" showInDefault="1" showInWebsite="0" showInStore="0">
                <label>env_preprod</label>
                <attribute type="expanded">1</attribute>
                <field id="api_version" translate="label" type="select" sortOrder="10" showInDefault="1" showInWebsite="0" showInStore="0">
                    <label>API Version</label>
                    <source_model>\Maas\ImportExport\Model\Config\Source\ApiVersion</source_model>
                </field>
                <field id="auth_api_url" translate="label" type="text" sortOrder="20" showInDefault="1" showInWebsite="0" showInStore="0">
                    <label>Authentication URL</label>
                </field>
                <field id="token_api_url" translate="label" type="text" sortOrder="25" showInDefault="1" showInWebsite="0" showInStore="0">
                    <label>Token URL</label>
                </field>
                <field id="products_api_url" translate="label" type="text" sortOrder="30" showInDefault="1" showInWebsite="0" showInStore="0">
                    <label>Products URL</label>
                </field>
                <field id="offers_api_url" translate="label" type="text" sortOrder="40" showInDefault="1" showInWebsite="0" showInStore="0">
                    <label>Offers URL</label>
                </field>
                <field id="discussions_api_url" translate="label" type="text" sortOrder="60" showInDefault="1" showInWebsite="0" showInStore="0">
                    <label>Discussions URL</label>
                </field>
                <field id="orders_api_url" translate="label" type="text" sortOrder="70" showInDefault="1" showInWebsite="0" showInStore="0">
                    <label>Orders URL</label>
                </field>
                <field id="sellers_api_url" translate="label" type="text" sortOrder="80" showInDefault="1" showInWebsite="0" showInStore="0">
                    <label>Sellers URL</label>
                </field>
            </group>
            <group id="recette" translate="label" sortOrder="40" showInDefault="1" showInWebsite="0" showInStore="0">
                <label>env_recette</label>
                <attribute type="expanded">1</attribute>
                <field id="api_version" translate="label" type="select" sortOrder="10" showInDefault="1" showInWebsite="0" showInStore="0">
                    <label>API Version</label>
                    <source_model>\Maas\ImportExport\Model\Config\Source\ApiVersion</source_model>
                </field>
                <field id="auth_api_url" translate="label" type="text" sortOrder="20" showInDefault="1" showInWebsite="0" showInStore="0">
                    <label>Authentication URL</label>
                </field>
                <field id="token_api_url" translate="label" type="text" sortOrder="25" showInDefault="1" showInWebsite="0" showInStore="0">
                    <label>Token URL</label>
                </field>
                <field id="products_api_url" translate="label" type="text" sortOrder="30" showInDefault="1" showInWebsite="0" showInStore="0">
                    <label>Products URL</label>
                </field>
                <field id="offers_api_url" translate="label" type="text" sortOrder="40" showInDefault="1" showInWebsite="0" showInStore="0">
                    <label>Offers URL</label>
                </field>
                <field id="discussions_api_url" translate="label" type="text" sortOrder="60" showInDefault="1" showInWebsite="0" showInStore="0">
                    <label>Discussions URL</label>
                </field>
                <field id="orders_api_url" translate="label" type="text" sortOrder="70" showInDefault="1" showInWebsite="0" showInStore="0">
                    <label>Orders URL</label>
                </field>
                <field id="sellers_api_url" translate="label" type="text" sortOrder="80" showInDefault="1" showInWebsite="0" showInStore="0">
                    <label>Sellers URL</label>
                </field>
            </group>
        </section>
    </system>
</config>
