<?xml version="1.0"?>
<config xmlns:xsi="http://www.w3.org/2001/XMLSchema-instance" xsi:noNamespaceSchemaLocation="urn:magento:framework:ObjectManager/etc/config.xsd">

    <preference for="Maas\Seller\Api\Data\SellerInterface" type="Maas\Seller\Model\Seller"/>
    <preference for="Maas\Seller\Api\Data\SellerShopLogoRenditionInterface" type="Maas\Seller\Model\Seller\ShopLogoRendition" />
    <preference for="Maas\Seller\Api\SellerRepositoryInterface" type="Maas\Seller\Model\SellerRepository"/>
    <preference for="Maas\Seller\Api\Data\SellerSearchResultsInterface" type="Magento\Framework\Api\SearchResults"/>

    <preference for="Maas\Seller\Api\Data\SellerAttributeInterface" type="Maas\Seller\Model\Seller\Attribute"/>
    <preference for="Maas\Seller\Api\Data\SellerAttributeSearchResultsInterface" type="Magento\Framework\Api\SearchResults"/>
    <preference for="Maas\Seller\Api\SellerAttributeRepositoryInterface" type="Maas\Seller\Model\Seller\AttributeRepository"/>

    <preference for="Maas\Seller\Api\Data\AddressInterface" type="Maas\Seller\Model\Address"/>
    <preference for="Maas\Seller\Api\AddressRepositoryInterface" type="Maas\Seller\Model\AddressRepository"/>
    <preference for="Maas\Seller\Api\Data\AddressSearchResultsInterface" type="Magento\Framework\Api\SearchResults"/>

    <preference for="Maas\Seller\Api\Data\AddressAttributeInterface" type="Maas\Seller\Model\Address\Attribute"/>
    <preference for="Maas\Seller\Api\Data\AddressAttributeSearchResultsInterface" type="Magento\Framework\Api\SearchResults"/>
    <preference for="Maas\Seller\Api\AddressAttributeRepositoryInterface" type="Maas\Seller\Model\Address\AttributeRepository"/>


    <type name="Magento\Eav\Model\Entity\Setup\PropertyMapper\Composite">
        <arguments>
            <argument name="propertyMappers" xsi:type="array">
                <item name="maas_seller" xsi:type="string">Maas\Seller\Model\ResourceModel\Setup\PropertyMapper</item>
            </argument>
        </arguments>
    </type>

    <type name="Maas\Seller\Model\Seller">
        <plugin name="maas_seller_custom_attribute_codes" type="Maas\Seller\Plugin\SellerCustomAttributesInit" />
    </type>

    <type name="Maas\Seller\Model\Address">
        <plugin name="maas_seller_address_custom_attribute_codes" type="Maas\Seller\Plugin\AddressCustomAttributesInit" />
    </type>


    <type name="Maas\Seller\Model\SellerRepository">
        <arguments>
            <argument name="collectionProcessor" xsi:type="object">Magento\Eav\Model\Api\SearchCriteria\CollectionProcessor</argument>
        </arguments>
    </type>
    <type name="Maas\Seller\Model\AddressRepository">
        <arguments>
            <argument name="collectionProcessor" xsi:type="object">Magento\Eav\Model\Api\SearchCriteria\CollectionProcessor</argument>
        </arguments>
    </type>

    <!-- Repositories -->
    <type name="Maas\Seller\Model\SellerRepository">
        <arguments>
            <argument name="resource" xsi:type="object">Maas\Seller\Model\ResourceModel\Seller</argument>
            <argument name="modelFactory" xsi:type="object">Maas\Seller\Model\SellerFactory</argument>
            <argument name="searchResultsFactory" xsi:type="object">Maas\Seller\Api\Data\SellerSearchResultsInterfaceFactory</argument>
            <argument name="collectionFactory" xsi:type="object">Maas\Seller\Model\ResourceModel\Seller\CollectionFactory</argument>
        </arguments>
    </type>
    <type name="Maas\Seller\Model\AddressRepository">
        <arguments>
            <argument name="resource" xsi:type="object">Maas\Seller\Model\ResourceModel\Address</argument>
            <argument name="modelFactory" xsi:type="object">Maas\Seller\Model\AddressFactory</argument>
            <argument name="searchResultsFactory" xsi:type="object">Maas\Seller\Api\Data\AddressSearchResultsInterfaceFactory</argument>
            <argument name="collectionFactory" xsi:type="object">Maas\Seller\Model\ResourceModel\Address\CollectionFactory</argument>
        </arguments>
    </type>
</config>