<?xml version="1.0"?>
<config xmlns:xsi="http://www.w3.org/2001/XMLSchema-instance" xsi:noNamespaceSchemaLocation="urn:magento:framework:Event/etc/events.xsd">
    <event name="maas_seller_save_before">
        <observer name="maas_seller_save_before_seller" instance="Maas\Seller\Observer\Seller\StoreBeforeSave"/>
    </event>
    <event name="maas_seller_save_after">
        <observer name="maas_seller_save_after_seller" instance="Maas\Seller\Observer\Seller\PersistAfterSave"/>
    </event>
    <event name="maas_seller_load_after">
        <observer name="maas_seller_load_after_seller" instance="Maas\Seller\Observer\Seller\Load"/>
    </event>
    <event name="maas_seller_collection_load_after">
        <observer name="maas_seller_collection_load_after_seller" instance="Maas\Seller\Observer\Seller\LoadFromCollection"/>
    </event>
</config>
