<?xml version="1.0"?>
<config xmlns:xsi="http://www.w3.org/2001/XMLSchema-instance" xsi:noNamespaceSchemaLocation="urn:magento:module:Magento_Config:etc/system_file.xsd">
    <system>
        <section id="maas_offers">
            <group id="advanced">
                <field id="allowed_countries" translate="label" type="multiselect" sortOrder="1000" showInDefault="1" showInWebsite="1" showInStore="1" canRestore="1">
                    <label>Allowed Countries For International Telephone Input</label>
                    <source_model>Magento\Directory\Model\Config\Source\Country</source_model>
                    <can_be_empty>1</can_be_empty>
                </field>
            </group>
        </section>
    </system>
</config>
