<?xml version="1.0"?>
<config xmlns:xsi="http://www.w3.org/2001/XMLSchema-instance" xsi:noNamespaceSchemaLocation="urn:magento:module:Magento_Catalog:etc/catalog_attributes.xsd">
    <group name="quote_item">
        <attribute name="maas_offer_id"/>
        <attribute name="maas_offer_seller_id"/>
        <attribute name="maas_offer_seller_front_name"/>
        <attribute name="maas_delivery_express_cost"/>
        <attribute name="maas_delivery_express_min"/>
        <attribute name="maas_delivery_express_max"/>
        <attribute name="maas_delivery_standard_cost"/>
        <attribute name="maas_delivery_standard_min"/>
        <attribute name="maas_delivery_standard_max"/>
        <attribute name="maas_original_taxes"/>
    </group>
</config>
