<?xml version="1.0"?>
<schema xmlns:xsi="http://www.w3.org/2001/XMLSchema-instance" xsi:noNamespaceSchemaLocation="urn:magento:framework:Setup/Declaration/Schema/etc/schema.xsd">
    <table name="maas_sales_quote_address_item_info" resource="default" engine="innodb" comment="maas_sales_quote_address_item_info Table">
        <column xsi:type="int" name="quote_address_item_id" padding="10" unsigned="true" nullable="false" identity="true" comment="Item Id"/>
        <column xsi:type="int" name="offer_id" padding="10" unsigned="true" nullable="true" identity="false" comment="Quote Address Item Offer Id"/>
        <column xsi:type="int" name="seller_id" padding="10" unsigned="true" nullable="true" identity="false" comment="Quote Address Item Seller Id"/>
        <column xsi:type="varchar" name="seller_maas_id" length="64" nullable="false" comment="Seller Maas Id"/>
        <column xsi:type="varchar" name="offer_maas_id" length="64" nullable="false" comment="Offer Maas Id"/>
        <column xsi:type="varchar" name="shipping_method" nullable="true" length="25" comment="Quote Address Item Marketplace Shipping method"/>
        <column xsi:type="decimal" name="shipping_amount" scale="4" precision="12" unsigned="true" nullable="true" comment="Quote Address Item Marketplace Shipping amount"/>
        <column xsi:type="int" name="delivery_delay_min" padding="10" unsigned="true" nullable="true" identity="false" comment="Marketplace minimum delivery delay"/>
        <column xsi:type="int" name="delivery_delay_max" padding="10" unsigned="true" nullable="true" identity="false" comment="Marketplace maximum delivery delay"/>
        <column xsi:type="decimal" name="original_shipping_amount" scale="4" precision="12" unsigned="true" nullable="true" comment="Quote Address Item Original Shipping amount"/>
        <column xsi:type="decimal" name="discounted_shipping_amount" scale="4" precision="12" unsigned="true" nullable="true" comment="Quote Address Item Discounted Shipping amount"/>
        <column xsi:type="varchar" name="condition" nullable="false" length="20" comment="Condition for the offer"/>
        <column xsi:type="varchar" name="seller_name" nullable="false" length="20" comment="Seller name to display"/>
        <constraint xsi:type="primary" referenceId="PRIMARY">
            <column name="quote_address_item_id"/>
        </constraint>
        <constraint xsi:type="foreign" referenceId="MAAS_SALES_QUOTE_ADDR_ITEM_INFO_QUOTE_ADDR_ITEM_QUOTE_ADDR_ITEM_ID_ADDR_ITEM_ID" table="maas_sales_quote_address_item_info" column="quote_address_item_id" referenceTable="quote_address_item" referenceColumn="address_item_id" onDelete="CASCADE"/>
    </table>
    <table name="maas_sales_order_item_info" resource="default" engine="innodb" comment="maas_sales_order_item_info Table">
        <column xsi:type="int" name="order_item_id" padding="10" unsigned="true" nullable="false" identity="true" comment="Order Item Id"/>
        <column xsi:type="int" name="offer_id" padding="10" unsigned="true" nullable="true" identity="false" comment="Order Address Item Offer Id"/>
        <column xsi:type="int" name="seller_id" padding="10" unsigned="true" nullable="true" identity="false" comment="Order Address Item Seller Id"/>
        <column xsi:type="varchar" name="seller_maas_id" length="64" nullable="false" comment="Seller Maas Id"/>
        <column xsi:type="varchar" name="offer_maas_id" length="64" nullable="false" comment="Offer Maas Id"/>
        <column xsi:type="varchar" name="shipping_method" nullable="true" length="25" comment="Order Item Marketplace Shipping method"/>
        <column xsi:type="decimal" name="shipping_amount" scale="4" precision="12" unsigned="true" nullable="true" comment="Order Item Marketplace Shipping amount"/>
        <column xsi:type="datetime" name="delivery_date_min" on_update="false" nullable="true" comment="Marketplace minimum delivery date"/>
        <column xsi:type="datetime" name="delivery_date_max" on_update="false" nullable="true" comment="Marketplace maximum delivery date"/>
        <column xsi:type="varchar" name="status" nullable="true" length="50" comment="Order Item Status"/>
        <column xsi:type="text" name="original_taxes" nullable="true" comment="Order Item Original Taxes"/>
        <column xsi:type="decimal" name="original_shipping_amount" scale="4" precision="12" unsigned="true" nullable="true" comment="Order Item Original Shipping amount"/>
        <column xsi:type="decimal" name="discounted_shipping_amount" scale="4" precision="12" unsigned="true" nullable="true" comment="Order Item Discounted Shipping amount"/>
        <column xsi:type="varchar" name="condition" nullable="false" length="20" comment="Condition for the offer"/>
        <column xsi:type="varchar" name="seller_name" nullable="false" length="20" comment="Seller name to display"/>
        <column xsi:type="decimal" name="original_price" scale="4" precision="12" unsigned="true" nullable="true" comment="Offer original price"/>
        <column xsi:type="decimal" name="base_original_price" scale="4" precision="12" unsigned="true" nullable="true" comment="Offer base original price"/>
        <constraint xsi:type="primary" referenceId="PRIMARY">
            <column name="order_item_id"/>
        </constraint>
        <constraint xsi:type="foreign" referenceId="MAAS_SALES_ORDER_ITEM_INFO_SALES_ORDER_ITEM_ORDER_ITEM_ID_ITEM_ID" table="maas_sales_order_item_info" column="order_item_id" referenceTable="sales_order_item" referenceColumn="item_id" onDelete="CASCADE"/>
    </table>
    <table name="sales_order_grid" resource="default">
        <column xsi:type="int" name="order_type" padding="50" unsigned="false" nullable="true" identity="false" comment="Order type: 1 for Core, 2 for MaaS"/>
    </table>
    <table name="maas_sales_quote_item_info" resource="default">
        <column xsi:type="int" name="quote_item_id" padding="10" unsigned="true" nullable="false" identity="true" comment="Item Id"/>
        <column xsi:type="int" name="offer_id" padding="10" unsigned="true" nullable="true" identity="false" comment="Quote Item Offer Id"/>
        <column xsi:type="int" name="seller_id" padding="10" unsigned="true" nullable="true" identity="false" comment="Quote Item Seller Id"/>
        <column xsi:type="varchar" name="offer_maas_id" length="64" nullable="false" comment="Offer Maas Id"/>
        <column xsi:type="varchar" name="seller_maas_id" length="64" nullable="false" comment="Seller Maas Id"/>
        <column xsi:type="varchar" name="shipping_method" nullable="true" length="25" comment="Quote Item Marketplace Shipping method"/>
        <column xsi:type="decimal" name="shipping_amount" scale="4" precision="12" unsigned="true" nullable="true" comment="Quote Item Marketplace Shipping amount"/>
        <column xsi:type="int" name="delivery_delay_min" padding="10" unsigned="true" nullable="true" identity="false" comment="Marketplace minimum delivery delay"/>
        <column xsi:type="int" name="delivery_delay_max" padding="10" unsigned="true" nullable="true" identity="false" comment="Marketplace maximum delivery delay"/>
        <column xsi:type="decimal" name="original_shipping_amount" scale="4" precision="12" unsigned="true" nullable="true" comment="Quote Item Original Shipping amount"/>
        <column xsi:type="decimal" name="discounted_shipping_amount" scale="4" precision="12" unsigned="true" nullable="true" comment="Quote Item Discounted Shipping amount"/>
        <column xsi:type="varchar" name="condition" nullable="false" length="20" comment="Condition for the offer"/>
        <column xsi:type="varchar" name="seller_name" nullable="false" length="20" comment="Seller name to display"/>
        <constraint xsi:type="primary" referenceId="PRIMARY">
            <column name="quote_item_id"/>
        </constraint>
        <constraint xsi:type="foreign" referenceId="MAAS_SALES_QUOTE_ITEM_INFO_QUOTE_ITEM_QUOTE_ITEM_ID_ITEM_ID" table="maas_sales_quote_item_info" column="quote_item_id" referenceTable="quote_item" referenceColumn="item_id" onDelete="CASCADE"/>
    </table>
    <table name="maas_sales_quote_info" resource="default" engine="innodb" comment="maas_sales_quote_info Table">
        <column xsi:type="int" name="quote_id" padding="10" unsigned="true" nullable="false" identity="true" comment="Quote Id"/>
        <column xsi:type="int" name="original_quote_id" padding="10" unsigned="true" nullable="true" comment="Original quote Id"/>
        <constraint xsi:type="primary" referenceId="PRIMARY">
            <column name="quote_id"/>
        </constraint>
        <constraint xsi:type="foreign" referenceId="MAAS_SALES_QUOTE_INFO_QUOTE_ID_QUOTE_ENTITY_ID" table="maas_sales_quote_info" column="quote_id" referenceTable="quote" referenceColumn="entity_id" onDelete="CASCADE"/>
        <constraint xsi:type="foreign" referenceId="MAAS_SALES_QUOTE_INFO_ORIGINAL_QUOTE_ID_QUOTE_ENTITY_ID" table="maas_sales_quote_info" column="quote_id" referenceTable="quote" referenceColumn="entity_id" onDelete="CASCADE"/>
    </table>
    <table name="maas_sales_quote_address_info" resource="default" engine="innodb" comment="maas_sales_quote_address_info Table">
        <column xsi:type="int" name="quote_address_id" padding="10" unsigned="true" nullable="false" identity="true" comment="Address Id"/>
        <column xsi:type="text" name="total_round_fixes" nullable="true" comment="Rounding fixes"/>
        <constraint xsi:type="primary" referenceId="PRIMARY">
            <column name="quote_address_id"/>
        </constraint>
        <constraint xsi:type="foreign" referenceId="MAAS_SALES_QUOTE_ADDR_INFO_QUOTE_ADDR_ID_QUOTE_ADDR_ADDR_ID" table="maas_sales_quote_address_info" column="quote_address_id" referenceTable="quote_address" referenceColumn="address_id" onDelete="CASCADE"/>
    </table>
</schema>
