{
    "maas_sales_quote_address_item_info": {
        "column": {
            "quote_address_item_id": true,
            "offer_id": true,
            "seller_id": true,
            "shipping_method": true,
            "shipping_amount": true,
            "delivery_delay_min": true,
            "delivery_delay_max": true,
            "original_shipping_amount": true,
            "discounted_shipping_amount": true,
            "seller_maas_id": true,
            "offer_maas_id": true,
            "condition": true,
            "seller_name": true
        },
        "constraint": {
            "PRIMARY": true,
            "FK_997B81E6D230BA0DB08EAFD165545E16": true
        }
    },
    "maas_sales_order_item_info": {
        "column": {
            "order_item_id": true,
            "offer_id": true,
            "seller_id": true,
            "offer_maas_id": true,
            "shipping_method": true,
            "shipping_amount": true,
            "delivery_date_min": true,
            "delivery_date_max": true,
            "status": true,
            "original_taxes": true,
            "original_shipping_amount": true,
            "discounted_shipping_amount": true,
            "seller_maas_id": true,
            "condition": true,
            "seller_name": true,
            "original_price": true,
            "base_original_price": true
        },
        "constraint": {
            "PRIMARY": true,
            "FK_E2804933711867BCB6F0C6E2FBDC09C8": true
        }
    },
    "sales_order_grid": {
        "column": {
            "order_type": true
        }
    },
    "maas_sales_quote_item_info": {
        "column": {
            "quote_item_id": true,
            "offer_id": true,
            "seller_id": true,
            "shipping_method": true,
            "shipping_amount": true,
            "delivery_delay_min": true,
            "delivery_delay_max": true,
            "original_shipping_amount": true,
            "discounted_shipping_amount": true,
            "offer_maas_id": true,
            "seller_maas_id": true,
            "condition": true,
            "seller_name": true
        },
        "constraint": {
            "PRIMARY": true,
            "MAAS_SALES_QUOTE_ITEM_INFO_QUOTE_ITEM_ID_QUOTE_ITEM_ITEM_ID": true
        }
    },
    "maas_sales_quote_info": {
        "column": {
            "quote_id": true,
            "original_quote_id": true
        },
        "constraint": {
            "PRIMARY": true,
            "MAAS_SALES_QUOTE_INFO_QUOTE_ID_QUOTE_ENTITY_ID": true,
            "MAAS_SALES_QUOTE_INFO_ORIGINAL_QUOTE_ID_QUOTE_ENTITY_ID": true
        }
    },
    "maas_sales_quote_address_info": {
        "column": {
            "quote_address_id": true,
            "total_round_fixes": true
        },
        "constraint": {
            "PRIMARY": true,
            "MAAS_SALES_QUOTE_ADDR_INFO_QUOTE_ADDR_ID_QUOTE_ADDR_ADDR_ID": true
        }
    }
}