<?xml version="1.0"?>
<config xmlns:xsi="http://www.w3.org/2001/XMLSchema-instance" xsi:noNamespaceSchemaLocation="urn:magento:framework:ObjectManager/etc/config.xsd">
    <preference for="Maas\Sales\Api\Data\SalesOrderInfoSearchResultsInterface" type="Magento\Framework\Api\SearchResults"/>
    <preference for="Maas\Sales\Api\Data\SalesOrderItemInfoSearchResultsInterface" type="Magento\Framework\Api\SearchResults"/>
    <preference for="Maas\Sales\Api\Data\SalesQuoteInfoSearchResultsInterface" type="Magento\Framework\Api\SearchResults"/>
    <preference for="Maas\Sales\Api\Data\SalesQuoteItemInfoSearchResultsInterface" type="Magento\Framework\Api\SearchResults"/>
    <preference for="Maas\Sales\Api\Data\SalesQuoteAddressInfoSearchResultsInterface" type="Magento\Framework\Api\SearchResults"/>
    <preference for="Maas\Sales\Api\Data\SalesQuoteAddressItemInfoSearchResultsInterface" type="Magento\Framework\Api\SearchResults"/>

    <preference for="Maas\Sales\Api\SalesOrderInfoRepositoryInterface" type="Maas\Sales\Model\SalesOrderInfoRepository"/>
    <preference for="Maas\Sales\Api\SalesQuoteInfoRepositoryInterface" type="Maas\Sales\Model\SalesQuoteInfoRepository"/>
    <preference for="Maas\Sales\Api\SalesOrderItemInfoRepositoryInterface" type="Maas\Sales\Model\SalesOrderItemInfoRepository"/>
    <preference for="Maas\Sales\Api\SalesQuoteItemInfoRepositoryInterface" type="Maas\Sales\Model\SalesQuoteItemInfoRepository"/>
    <preference for="Maas\Sales\Api\SalesQuoteAddressInfoRepositoryInterface" type="Maas\Sales\Model\SalesQuoteAddressInfoRepository"/>
    <preference for="Maas\Sales\Api\SalesQuoteAddressItemInfoRepositoryInterface" type="Maas\Sales\Model\SalesQuoteAddressItemInfoRepository"/>

    <preference for="Maas\Sales\Api\Data\SalesOrderInfoInterface" type="Maas\Sales\Model\SalesOrderInfo"/>
    <preference for="Maas\Sales\Api\Data\SalesOrderItemInfoInterface" type="Maas\Sales\Model\SalesOrderItemInfo"/>
    <preference for="Maas\Sales\Api\Data\SalesQuoteItemInfoInterface" type="Maas\Sales\Model\SalesQuoteItemInfo"/>
    <preference for="Maas\Sales\Api\Data\SalesQuoteInfoInterface" type="Maas\Sales\Model\SalesQuoteInfo"/>
    <preference for="Maas\Sales\Api\Data\SalesQuoteAddressInfoInterface" type="Maas\Sales\Model\SalesQuoteAddressInfo"/>
    <preference for="Maas\Sales\Api\Data\SalesQuoteAddressItemInfoInterface" type="Maas\Sales\Model\SalesQuoteAddressItemInfo"/>
    <preference for="Magento\Sales\Block\Adminhtml\Order\View\Items" type="Maas\Sales\Block\Adminhtml\Order\View\Items"/>
    <preference for="Magento\Tax\Model\Calculation\UnitBaseCalculator" type="Maas\Sales\Model\Tax\Calculation\Rewrite\UnitBaseCalculator"/>
    <preference for="Magento\Weee\Model\Total\Quote\Weee" type="Maas\Sales\Model\Wee\Total\Quote\Rewrite\Weee"/>

    <preference for="Magento\Checkout\Block\Onepage\Success" type="Maas\Sales\Block\Checkout\Onepage\Success"/>
    <virtualType name="Maas\Sales\Model\Session\Storage" type="Magento\Framework\Session\Storage">
        <arguments>
            <argument name="namespace" xsi:type="string">maas_sales</argument>
        </arguments>
    </virtualType>
    <type name="Maas\Sales\Model\Session">
        <arguments>
            <argument name="storage" xsi:type="object">Maas\Sales\Model\Session\Storage</argument>
        </arguments>
    </type>
    <virtualType name="Magento\Sales\Model\ResourceModel\Order\Grid">
        <arguments>
            <argument name="joins" xsi:type="array">
                <item name="maas_sales_order_info" xsi:type="array">
                    <item name="table" xsi:type="string">maas_sales_order_info</item>
                    <item name="origin_column" xsi:type="string">entity_id</item>
                    <item name="target_column" xsi:type="string">order_id</item>
                </item>
            </argument>
            <argument name="columns" xsi:type="array">
                <item name="order_type" xsi:type="string">maas_sales_order_info.order_type</item>
            </argument>
        </arguments>
    </virtualType>
    <type name="Magento\Quote\Api\CartTotalRepositoryInterface">
        <plugin name="maas_add_sellers_to_total_items" type="Maas\Sales\Plugin\Checkout\AddSellersToTotalItems" />
    </type>
    <type name="Magento\Quote\Model\QuoteAddressValidator">
        <plugin name="maas_quoteAddressValidator" type="Maas\Sales\Plugin\Quote\QuoteAddressValidator" />
    </type>
    <type name="Magento\Quote\Model\Quote\Item">
        <plugin name="maas_set_maas_info_to_parent_product_from_child_product" type="Maas\Sales\Plugin\Quote\SetInfoToParentProductFromChildProduct" />
    </type>
    <!-- Repositories -->
    <type name="Maas\Sales\Model\SalesQuoteItemInfoRepository">
        <arguments>
            <argument name="resource" xsi:type="object">Maas\Sales\Model\ResourceModel\SalesQuoteItemInfo</argument>
            <argument name="modelFactory" xsi:type="object">Maas\Sales\Model\SalesQuoteItemInfoFactory</argument>
            <argument name="searchResultsFactory" xsi:type="object">Maas\Sales\Api\Data\SalesQuoteItemInfoSearchResultsInterfaceFactory</argument>
            <argument name="collectionFactory" xsi:type="object">Maas\Sales\Model\ResourceModel\SalesQuoteItemInfo\CollectionFactory</argument>
        </arguments>
    </type>
    <type name="Maas\Sales\Model\SalesOrderItemInfoRepository">
        <arguments>
            <argument name="resource" xsi:type="object">Maas\Sales\Model\ResourceModel\SalesOrderItemInfo</argument>
            <argument name="modelFactory" xsi:type="object">Maas\Sales\Model\SalesOrderItemInfoFactory</argument>
            <argument name="searchResultsFactory" xsi:type="object">Maas\Sales\Api\Data\SalesOrderItemInfoSearchResultsInterfaceFactory</argument>
            <argument name="collectionFactory" xsi:type="object">Maas\Sales\Model\ResourceModel\SalesOrderItemInfo\CollectionFactory</argument>
        </arguments>
    </type>
    <type name="Maas\Sales\Model\SalesQuoteInfoRepository">
        <arguments>
            <argument name="resource" xsi:type="object">Maas\Sales\Model\ResourceModel\SalesQuoteInfo</argument>
            <argument name="modelFactory" xsi:type="object">Maas\Sales\Model\SalesQuoteInfoFactory</argument>
            <argument name="searchResultsFactory" xsi:type="object">Maas\Sales\Api\Data\SalesQuoteInfoSearchResultsInterfaceFactory</argument>
            <argument name="collectionFactory" xsi:type="object">Maas\Sales\Model\ResourceModel\SalesQuoteInfo\CollectionFactory</argument>
        </arguments>
    </type>
    <type name="Maas\Sales\Model\SalesOrderInfoRepository">
        <arguments>
            <argument name="resource" xsi:type="object">Maas\Sales\Model\ResourceModel\SalesOrderInfo</argument>
            <argument name="modelFactory" xsi:type="object">Maas\Sales\Model\SalesOrderInfoFactory</argument>
            <argument name="searchResultsFactory" xsi:type="object">Maas\Sales\Api\Data\SalesOrderInfoSearchResultsInterfaceFactory</argument>
            <argument name="collectionFactory" xsi:type="object">Maas\Sales\Model\ResourceModel\SalesOrderInfo\CollectionFactory</argument>
        </arguments>
    </type>
    <type name="Maas\Sales\Model\SalesQuoteAddressInfoRepository">
        <arguments>
            <argument name="resource" xsi:type="object">Maas\Sales\Model\ResourceModel\SalesQuoteAddressInfo</argument>
            <argument name="modelFactory" xsi:type="object">Maas\Sales\Model\SalesQuoteAddressInfoFactory</argument>
            <argument name="searchResultsFactory" xsi:type="object">Maas\Sales\Api\Data\SalesQuoteAddressInfoSearchResultsInterfaceFactory</argument>
            <argument name="collectionFactory" xsi:type="object">Maas\Sales\Model\ResourceModel\SalesQuoteAddressInfo\CollectionFactory</argument>
        </arguments>
    </type>
    <type name="Maas\Sales\Model\SalesQuoteAddressItemInfoRepository">
        <arguments>
            <argument name="resource" xsi:type="object">Maas\Sales\Model\ResourceModel\SalesQuoteAddressItemInfo</argument>
            <argument name="modelFactory" xsi:type="object">Maas\Sales\Model\SalesQuoteAddressItemInfoFactory</argument>
            <argument name="searchResultsFactory" xsi:type="object">Maas\Sales\Api\Data\SalesQuoteAddressItemInfoSearchResultsInterfaceFactory</argument>
            <argument name="collectionFactory" xsi:type="object">Maas\Sales\Model\ResourceModel\SalesQuoteAddressItemInfo\CollectionFactory</argument>
        </arguments>
    </type>
</config>
