<?xml version="1.0"?>
<config xmlns:xsi="http://www.w3.org/2001/XMLSchema-instance" xsi:noNamespaceSchemaLocation="urn:magento:framework:Event/etc/events.xsd">
    <event name="sales_model_service_quote_submit_before">
        <observer name="sales_add_info_to_maas_order" instance="Maas\Sales\Observer\OrderAdditionalOptions"/>
    </event>

    <event name="sales_quote_item_load_after">
        <observer name="maas_sales_quote_item_load_after" instance="Maas\Sales\Observer\ExtensionAttributes\QuoteItem\QuoteItemLoadAfter"/>
    </event>
    <event name="sales_quote_address_load_after">
        <observer name="maas_sales_quote_address_load_after" instance="Maas\Sales\Observer\ExtensionAttributes\QuoteAddress\QuoteAddressLoadAfter"/>
    </event>
    <event name="core_collection_abstract_load_after">
        <!-- Quote Item does not have a dedicated eventPrefix -->
        <observer name="maas_sales_quote_item_collection_load_after" instance="Maas\Sales\Observer\ExtensionAttributes\QuoteItem\QuoteItemCollectionLoadAfter"/>
    </event>
    <event name="sales_quote_save_before">
        <observer name="maas_sales_quote_save_before" instance="Maas\Sales\Observer\ExtensionAttributes\Quote\QuoteSaveBefore"/>
    </event>
    <event name="sales_quote_save_after">
        <observer name="maas_sales_quote_save_after" instance="Maas\Sales\Observer\ExtensionAttributes\Quote\QuoteSaveAfter"/>
    </event>
    <event name="sales_quote_item_save_before">
        <observer name="maas_sales_quote_item_save_before" instance="Maas\Sales\Observer\ExtensionAttributes\QuoteItem\QuoteItemSaveBefore"/>
    </event>
    <event name="sales_quote_item_save_after">
        <observer name="maas_sales_quote_item_save_after" instance="Maas\Sales\Observer\ExtensionAttributes\QuoteItem\QuoteItemSaveAfter"/>
    </event>
    <event name="sales_quote_address_save_before">
        <observer name="maas_sales_quote_address_save_before" instance="Maas\Sales\Observer\ExtensionAttributes\QuoteAddress\QuoteAddressSaveBefore"/>
    </event>
    <event name="sales_quote_address_save_after">
        <observer name="maas_sales_quote_address_save_after" instance="Maas\Sales\Observer\ExtensionAttributes\QuoteAddress\QuoteAddressSaveAfter"/>
    </event>
    <event name="sales_quote_address_collection_load_after">
        <observer name="maas_sales_quote_address_collection_load_after" instance="Maas\Sales\Observer\ExtensionAttributes\QuoteAddress\QuoteAddressCollectionLoadAfter"/>
    </event>

    <event name="sales_order_load_after">
        <observer name="maas_sales_order_load_after" instance="Maas\Sales\Observer\ExtensionAttributes\Order\OrderLoadAfter"/>
    </event>
    <event name="sales_order_collection_load_after">
        <observer name="maas_sales_order_collection_load_after" instance="Maas\Sales\Observer\ExtensionAttributes\Order\OrderCollectionLoadAfter"/>
    </event>
    <event name="sales_order_save_before">
        <observer name="maas_sales_order_save_before" instance="Maas\Sales\Observer\ExtensionAttributes\Order\OrderSaveBefore"/>
    </event>
    <event name="sales_order_save_after">
        <observer name="maas_sales_order_save_after" instance="Maas\Sales\Observer\ExtensionAttributes\Order\OrderSaveAfter"/>
    </event>

    <event name="sales_order_item_load_after">
        <observer name="maas_sales_order_load_after" instance="Maas\Sales\Observer\ExtensionAttributes\OrderItem\OrderItemLoadAfter"/>
    </event>
    <event name="sales_order_item_collection_load_after">
        <observer name="maas_sales_order_item_collection_load_after" instance="Maas\Sales\Observer\ExtensionAttributes\OrderItem\OrderItemCollectionLoadAfter"/>
    </event>
    <event name="sales_order_item_save_before">
        <observer name="maas_sales_order_save_before" instance="Maas\Sales\Observer\ExtensionAttributes\OrderItem\OrderItemSaveBefore"/>
    </event>
    <event name="sales_order_item_save_after">
        <observer name="maas_sales_order_save_after" instance="Maas\Sales\Observer\ExtensionAttributes\OrderItem\OrderItemSaveAfter"/>
    </event>

    <event name="checkout_type_multishipping_create_orders_single">
        <observer name="sales_add_info_to_maas_order" instance="Maas\Sales\Observer\OrderAdditionalOptions"/>
    </event>

    <!-- init the quote_item_info !-->
    <!-- insert the maas info in to quote_item_info !-->
    <event name="sales_quote_add_item">
        <observer name="maas_reset_id_in_extra_info_on_cart_item_add" instance="Maas\Sales\Observer\CreateQuoteItemInfoAfterCartItemAdd"/>
    </event>
    <event name="model_save_after">
        <observer name="maas_copy_quote_item_info_to_quote_address_item_info" instance="Maas\Sales\Observer\CopyQuoteItemInfoToQuoteAddressItemInfo"/>
    </event>

</config>
