<?xml version="1.0"?>
<config xmlns:xsi="http://www.w3.org/2001/XMLSchema-instance" xsi:noNamespaceSchemaLocation="urn:magento:framework:Api/etc/extension_attributes.xsd">
    <extension_attributes for="Magento\Quote\Api\Data\CartInterface">
        <attribute code="extra_info" type="Maas\Sales\Api\Data\SalesQuoteInfoInterface">
            <resources>
                <resource ref="anonymous"/>
            </resources>
            <join reference_table="maas_sales_quote_info" reference_field="quote_id" join_on_field="entity_id">
                <field>*</field>
            </join>
        </attribute>
    </extension_attributes>
    <extension_attributes for="Magento\Quote\Api\Data\CartItemInterface">
        <attribute code="extra_info" type="Maas\Sales\Api\Data\SalesQuoteItemInfoInterface">
            <resources>
                <resource ref="anonymous"/>
            </resources>
            <join reference_table="maas_sales_quote_item_info" reference_field="quote_item_id" join_on_field="item_id">
                <field>*</field>
            </join>
        </attribute>
    </extension_attributes>
    <extension_attributes for="Magento\Quote\Api\Data\AddressInterface">
        <attribute code="extra_info" type="Maas\Sales\Api\Data\SalesQuoteAddressInfoInterface">
            <resources>
                <resource ref="anonymous"/>
            </resources>
            <join reference_table="maas_sales_quote_address_info" reference_field="quote_address_id" join_on_field="address_id">
                <field>*</field>
            </join>
        </attribute>
    </extension_attributes>
    <extension_attributes for="Magento\Sales\Api\Data\OrderInterface">
        <attribute code="extra_info" type="Maas\Sales\Api\Data\SalesOrderInfoInterface">
            <resources>
                <resource ref="anonymous"/>
            </resources>
            <join reference_table="maas_sales_order_info" reference_field="order_id" join_on_field="entity_id">
                <field>*</field>
            </join>
        </attribute>
    </extension_attributes>
    <extension_attributes for="Magento\Sales\Api\Data\OrderItemInterface">
        <attribute code="extra_info" type="Maas\Sales\Api\Data\SalesOrderItemInfoInterface">
            <resources>
                <resource ref="anonymous"/>
            </resources>
            <join reference_table="maas_sales_order_item_info" reference_field="order_item_id" join_on_field="item_id">
                <field>*</field>
            </join>
        </attribute>
    </extension_attributes>
    <extension_attributes for="Magento\Quote\Api\Data\TotalsItemInterface">
        <attribute code="maas_seller_name" type="string">
            <resources>
                <resource ref="anonymous"/>
            </resources>
        </attribute>
    </extension_attributes>
</config>
