<?xml version="1.0"?>
<order_restrictions xmlns:xsi="http://www.w3.org/2001/XMLSchema-instance" xsi:noNamespaceSchemaLocation="urn:magento:module:Maas_Sales:etc/order_restrictions.xsd">
    <sales_order_view_exported>
        <d1>Magento_Sales::actions_edit</d1>
        <d2>Magento_Sales::ship</d2>
        <d3>Magento_Sales::cancel</d3>
        <d4>Magento_Sales::hold</d4>
        <d5>Magento_Sales::comment</d5>
        <d6>Magento_Sales::reorder</d6>
    </sales_order_view_exported>
    <sales_order_view_not_exported>
        <d1>Magento_Sales::actions_edit</d1>
        <d2>Magento_Sales::reorder</d2>
    </sales_order_view_not_exported>

    <adminhtml_order_shipment_new_exported>
        <d1>Magento_Sales::shipment</d1>
    </adminhtml_order_shipment_new_exported>

    <adminhtml_order_shipment_save_exported>
        <d1>Magento_Sales::shipment</d1>
    </adminhtml_order_shipment_save_exported>

    <sales_order_edit_start>
        <d1>Magento_Sales::actions_edit</d1>
        <d1>Magento_Sales::create</d1>
    </sales_order_edit_start>

    <sales_order_edit_index order-id-source="_session_order_get_id">
        <d1>Magento_Sales::actions_edit</d1>
        <d1>Magento_Sales::create</d1>
    </sales_order_edit_index>
    <sales_order_edit_save order-id-source="_session_order_get_id">
        <d1>Magento_Sales::actions_edit</d1>
        <d1>Magento_Sales::create</d1>
    </sales_order_edit_save>

    <sales_order_cancel_exported>
        <d1>Magento_Sales::cancel</d1>
    </sales_order_cancel_exported>

    <sales_order_hold_exported>
        <d1>Magento_Sales::hold</d1>
    </sales_order_hold_exported>

    <sales_order_addComment_exported>
        <d1>Magento_Sales::comment</d1>
    </sales_order_addComment_exported>
</order_restrictions>