<?xml version="1.0"?>
<config xmlns:xsi="http://www.w3.org/2001/XMLSchema-instance" xsi:noNamespaceSchemaLocation="urn:magento:framework:ObjectManager/etc/config.xsd">
    <type name="Magento\Framework\Model\ActionValidator\RemoveAction">
        <arguments>
            <argument name="protectedModels" xsi:type="array">
                <item name="catalogCategory" xsi:type="null"/>
            </argument>
        </arguments>
    </type>
    <type name="Magento\Catalog\Model\Product\Attribute\Backend\Media\EntryConverterPool">
        <arguments>
            <argument name="mediaGalleryEntryConvertersCollection" xsi:type="array">
                <item name="image" xsi:type="object">Maas\Catalog\Model\ImageEntryConverter</item>
            </argument>
        </arguments>
    </type>
    <preference for="Maas\Catalog\Api\Data\MaasCategoryInterface" type="Maas\Catalog\Model\MaasCategory"/>
    <preference for="Maas\Catalog\Api\MediaGalleryInfoRepositoryInterface" type="Maas\Catalog\Model\MediaGalleryInfoRepository"/>
    <preference for="Maas\Catalog\Api\Data\MaasCategorySearchResultsInterface" type="Magento\Framework\Api\SearchResults"/>
    <preference for="Maas\Catalog\Api\Data\MediaGalleryInfoInterface" type="Maas\Catalog\Model\MediaGalleryInfo"/>

    <type name="Magento\Catalog\Model\ResourceModel\Product\Gallery">
        <plugin name="maas_media_info" type="Maas\Catalog\Plugin\MediaInfoPlugin"/>
    </type>
    <type name="Magento\Catalog\Model\Product\Gallery\CreateHandler">
        <plugin name="maas_info_media_entry_saver" type="Maas\Catalog\Plugin\Gallery\CreateHandlerMediaPlugin"/>
    </type>


    <preference for="Maas\Catalog\Api\ShippingAttributesManagementInterface" type="Maas\Catalog\Model\ShippingAttributesManagement"/>
    <preference for="Maas\Catalog\Api\Data\ShippingMethodInterface" type="Maas\Catalog\Model\ShippingMethod"/>


    <!-- Repositories -->
    <type name="Maas\Catalog\Model\MediaGalleryInfoRepository">
        <arguments>
            <argument name="resource" xsi:type="object">Maas\Catalog\Model\ResourceModel\MediaGalleryInfo</argument>
            <argument name="modelFactory" xsi:type="object">Maas\Catalog\Model\MediaGalleryInfoFactory</argument>
            <argument name="collectionFactory" xsi:type="object">Maas\Catalog\Model\ResourceModel\MediaGalleryInfo\CollectionFactory</argument>
            <argument name="searchResultsFactory" xsi:type="object">Maas\Catalog\Api\Data\MediaGalleryInfoSearchResultsInterfaceFactory</argument>
        </arguments>
    </type>
</config>
