[
  {
    "id": "VA",
    "categoryId": "VA",
    "label": "VARIANTS",
    "level": 1,
    "parentCategoryId": null,
    "attributes": null,
    "updatedAt": "2022-04-29 12:00:00"
  },
  {
    "id": "VA01",
    "categoryId": "VA01",
    "label": "VARIANTS MARJANE",
    "level": 2,
    "parentCategoryId": "VA",
    "attributes": [
      {
        "code": "color",
        "label": "Couleur",
        "required": "Recommended",
        "properties": {
          "backend_type": "int",
          "frontend_input": "select"
        }
      },
      {
        "code": "size",
        "label": "Taille",
        "required": "Recommended",
        "properties": {
          "backend_type": "int",
          "frontend_input": "select"
        }
      }
    ],
    "updatedAt": "2022-04-29 12:00:00"
  }
]
