[
  {
    "offerId": "9999_9999899998999_1.1_VARIANT",
    "product_id": "VA-1.1",
    "condition": {
      "condition": "New",
      "sub_condition": "NewNew",
      "comment": null
    },
    "seller": {
      "id": 9999,
      "name": "Taxes Marjane Vendeur Test"
    },
    "created_at": "2021-03-25T09:21:44.000000Z",
    "updated_at": "2021-03-25T09:21:44.000000Z",
    "status": "active",
    "bestOfferRank": "1",
    "price": {
      "offerId": "9999_9999899998999_1.1_VARIANT",
      "price": 2000,
      "currency": "EUR",
      "taxes": [
        {
          "code": "Vat",
          "type": "RATE",
          "value": 0
        },
        {
          "code": "CustomsDuties",
          "type": "RATE",
          "value": 0
        },
        {
          "code": "ShippingVAT",
          "type": "RATE",
          "value": 0.14
        },
        {
          "code": "CustomsVAT",
          "type": "RATE",
          "value": 0
        }
      ],
      "originalPrice": 2000.00,
      "startDate": null,
      "endDate": null,
      "discountID": null,
      "created_at": "2021-03-25T09:21:44.000000Z",
      "updated_at": "2021-03-25T09:21:44.000000Z"
    },
    "inventory": {
      "offerId": "9999_9999899998999_1.1_VARIANT",
      "stock": 99998,
      "supply_mode": "Seller",
      "deliveries": [
        {
          "mode": "EHD",
          "minDelay": 4,
          "maxDelay": 12,
          "shippingCost": 100,
          "additionalShippingCost": 0.0
        }
      ],
      "updated_at": "2021-03-25T09:21:44.000000Z"
    }
  },
  {
    "offerId": "9999_9999899998999_1.2_VARIANT",
    "product_id": "VA-1.2",
    "condition": {
      "condition": "New",
      "sub_condition": "NewNew",
      "comment": null
    },
    "seller": {
      "id": 9998,
      "name": "Variant Marjane Vendeur Test"
    },
    "created_at": "2021-03-25T09:21:44.000000Z",
    "updated_at": "2021-03-25T09:21:44.000000Z",
    "status": "active",
    "bestOfferRank": "1",
    "price": {
      "offerId": "9999_9999899998999_1.2_VARIANT",
      "price": 1320,
      "currency": "EUR",
      "taxes": [
        {
          "code": "Vat",
          "type": "RATE",
          "value": 0.2
        },
        {
          "code": "CustomsDuties",
          "type": "RATE",
          "value": 0.025
        },
        {
          "code": "ShippingVAT",
          "type": "RATE",
          "value": 0.14
        },
        {
          "code": "CustomsVAT",
          "type": "RATE",
          "value": 0.2
        }
      ],
      "originalPrice": 1320.00,
      "startDate": null,
      "endDate": null,
      "discountID": null,
      "created_at": "2021-03-25T09:21:44.000000Z",
      "updated_at": "2021-03-25T09:21:44.000000Z"
    },
    "inventory": {
      "offerId": "9999_9999899998999_1.2_VARIANT",
      "stock": 99998,
      "supply_mode": "Seller",
      "deliveries": [
        {
          "mode": "EHD",
          "minDelay": 4,
          "maxDelay": 12,
          "shippingCost": 100,
          "additionalShippingCost": 0.0
        }
      ],
      "updated_at": "2021-03-25T09:21:44.000000Z"
    }
  },
  {
    "offerId": "9999_9999899998999_1.3_VARIANT",
    "product_id": "VA-1.3",
    "condition": {
      "condition": "New",
      "sub_condition": "NewNew",
      "comment": null
    },
    "seller": {
      "id": 9999,
      "name": "Taxes Marjane Vendeur Test"
    },
    "created_at": "2021-03-25T09:21:44.000000Z",
    "updated_at": "2021-03-25T09:21:44.000000Z",
    "status": "active",
    "bestOfferRank": "1",
    "price": {
      "offerId": "9999_9999899998999_1.3_VARIANT",
      "price": 1800,
      "currency": "EUR",
      "taxes": [
        {
          "code": "Vat",
          "type": "RATE",
          "value": 0.2
        },
        {
          "code": "CustomsDuties",
          "type": "RATE",
          "value": 0.025
        },
        {
          "code": "ShippingVAT",
          "type": "RATE",
          "value": 0.14
        },
        {
          "code": "CustomsVAT",
          "type": "RATE",
          "value": 0.2
        }
      ],
      "originalPrice": 1800.00,
      "startDate": null,
      "endDate": null,
      "discountID": null,
      "created_at": "2021-03-25T09:21:44.000000Z",
      "updated_at": "2021-03-25T09:21:44.000000Z"
    },
    "inventory": {
      "offerId": "9999_9999899998999_1.3_VARIANT",
      "stock": 99998,
      "supply_mode": "Seller",
      "deliveries": [
        {
          "mode": "EHD",
          "minDelay": 4,
          "maxDelay": 12,
          "shippingCost": 100,
          "additionalShippingCost": 0.0
        }
      ],
      "updated_at": "2021-03-25T09:21:44.000000Z"
    }
  },
  {
    "offerId": "9999_9999899998999_2.1_VARIANT",
    "product_id": "VA-2.1",
    "condition": {
      "condition": "New",
      "sub_condition": "NewNew",
      "comment": null
    },
    "seller": {
      "id": 9999,
      "name": "Taxes Marjane Vendeur Test"
    },
    "created_at": "2021-03-25T09:21:44.000000Z",
    "updated_at": "2021-03-25T09:21:44.000000Z",
    "status": "active",
    "bestOfferRank": "1",
    "price": {
      "offerId": "9999_9999899998999_2.1_VARIANT",
      "price": 2000,
      "currency": "EUR",
      "taxes": [
        {
          "code": "Vat",
          "type": "RATE",
          "value": 0
        },
        {
          "code": "CustomsDuties",
          "type": "RATE",
          "value": 0
        },
        {
          "code": "ShippingVAT",
          "type": "RATE",
          "value": 0.14
        },
        {
          "code": "CustomsVAT",
          "type": "RATE",
          "value": 0
        }
      ],
      "originalPrice": 2000.00,
      "startDate": null,
      "endDate": null,
      "discountID": null,
      "created_at": "2021-03-25T09:21:44.000000Z",
      "updated_at": "2021-03-25T09:21:44.000000Z"
    },
    "inventory": {
      "offerId": "9999_9999899998999_2.1_VARIANT",
      "stock": 99998,
      "supply_mode": "Seller",
      "deliveries": [
        {
          "mode": "EHD",
          "minDelay": 4,
          "maxDelay": 12,
          "shippingCost": 100,
          "additionalShippingCost": 0.0
        }
      ],
      "updated_at": "2021-03-25T09:21:44.000000Z"
    }
  },
  {
    "offerId": "9999_9999899998999_2.2_VARIANT",
    "product_id": "VA-2.2",
    "condition": {
      "condition": "New",
      "sub_condition": "NewNew",
      "comment": null
    },
    "seller": {
      "id": 9998,
      "name": "Variant Marjane Vendeur Test"
    },
    "created_at": "2021-03-25T09:21:44.000000Z",
    "updated_at": "2021-03-25T09:21:44.000000Z",
    "status": "active",
    "bestOfferRank": "1",
    "price": {
      "offerId": "9999_9999899998999_2.2_VARIANT",
      "price": 1320,
      "currency": "EUR",
      "taxes": [
        {
          "code": "Vat",
          "type": "RATE",
          "value": 0.2
        },
        {
          "code": "CustomsDuties",
          "type": "RATE",
          "value": 0.025
        },
        {
          "code": "ShippingVAT",
          "type": "RATE",
          "value": 0.14
        },
        {
          "code": "CustomsVAT",
          "type": "RATE",
          "value": 0.2
        }
      ],
      "originalPrice": 1320.00,
      "startDate": null,
      "endDate": null,
      "discountID": null,
      "created_at": "2021-03-25T09:21:44.000000Z",
      "updated_at": "2021-03-25T09:21:44.000000Z"
    },
    "inventory": {
      "offerId": "9999_9999899998999_2.2_VARIANT",
      "stock": 99998,
      "supply_mode": "Seller",
      "deliveries": [
        {
          "mode": "EHD",
          "minDelay": 4,
          "maxDelay": 12,
          "shippingCost": 100,
          "additionalShippingCost": 0.0
        }
      ],
      "updated_at": "2021-03-25T09:21:44.000000Z"
    }
  },
  {
    "offerId": "9999_9999899998999_2.3_VARIANT",
    "product_id": "VA-2.3",
    "condition": {
      "condition": "New",
      "sub_condition": "NewNew",
      "comment": null
    },
    "seller": {
      "id": 9999,
      "name": "Taxes Marjane Vendeur Test"
    },
    "created_at": "2021-03-25T09:21:44.000000Z",
    "updated_at": "2021-03-25T09:21:44.000000Z",
    "status": "active",
    "bestOfferRank": "1",
    "price": {
      "offerId": "9999_9999899998999_2.3_VARIANT",
      "price": 1800,
      "currency": "EUR",
      "taxes": [
        {
          "code": "Vat",
          "type": "RATE",
          "value": 0.2
        },
        {
          "code": "CustomsDuties",
          "type": "RATE",
          "value": 0.025
        },
        {
          "code": "ShippingVAT",
          "type": "RATE",
          "value": 0.14
        },
        {
          "code": "CustomsVAT",
          "type": "RATE",
          "value": 0.2
        }
      ],
      "originalPrice": 1800.00,
      "startDate": null,
      "endDate": null,
      "discountID": null,
      "created_at": "2021-03-25T09:21:44.000000Z",
      "updated_at": "2021-03-25T09:21:44.000000Z"
    },
    "inventory": {
      "offerId": "9999_9999899998999_2.3_VARIANT",
      "stock": 99998,
      "supply_mode": "Seller",
      "deliveries": [
        {
          "mode": "EHD",
          "minDelay": 4,
          "maxDelay": 12,
          "shippingCost": 100,
          "additionalShippingCost": 0.0
        }
      ],
      "updated_at": "2021-03-25T09:21:44.000000Z"
    }
  }
]
