[
    {
        "productId": "VA-1.1",
        "title": "Article Variant 1.1 avec un axe de variation",
        "description": "Article Variant 1.1 avec un axe de variation",
        "brand": {
            "code": 4720,
            "label": "NINTENDO",
            "image": {
                "large": {
                    "title": "Rockstar image",
                    "url": "https:\/\/lorempixel.com\/700\/700\/?18986.jpg",
                    "size": 600,
                    "width": 960,
                    "height": 720,
                    "updated_at": "2020-05-16 13:51:29"
                }
            }
        },
        "categoryId": "VA01",
        "images": {
            "large": [
                {
                    "format": "large",
                    "title": "Test",
                    "url": "https:\/\/www.cdiscount.com\/pdt2\/novisuel\/700x700.gif",
                    "size": "244",
                    "width": "700",
                    "height": "700",
                    "updated_at": "2021-03-25T09:19:46.000000Z"
                }
            ]
        },
        "VariationGroupId": "AB019425212598",
        "variationAttributes": [
        {
          "code": "3264",
          "label": "Couleur principale",
          "unit": "string",
          "values": ["Black", "Blue"]
        }
      ],
        "attributesGroup": [
            {
                "code": "G\u00e9n\u00e9ral",
                "label": "G\u00e9n\u00e9ral",
                "position": "0",
                "createdAt": "2020-07-29",
                "updatedAt": "2021-08-26",
                "attributes": [
                  {
                    "code": "3264",
                    "label": "Couleur principale",
                    "unit": "string",
                    "value": ["Black", "Blue"]
                  }
                ]
            }
        ],
        "status": "active",
        "created_at": "2021-03-21T09:21:38.000000Z",
        "updated_at": "2021-04-30T09:21:38.000000Z",
        "thirdLevelCategoryLabel": null
    },
    {
        "productId": "VA-1.2",
        "title": "Article Variant 1.2 avec un axe de variation",
        "description": "Article Variant 1.2 avec un axe de variation",
        "brand": {
            "code": 4720,
            "label": "NINTENDO",
            "image": {
                "large": {
                    "title": "Rockstar image",
                    "url": "https:\/\/lorempixel.com\/700\/700\/?18986.jpg",
                    "size": 600,
                    "width": 960,
                    "height": 720,
                    "updated_at": "2020-05-16 13:51:29"
                }
            }
        },
        "categoryId": "VA01",
        "images": {
            "large": [
                {
                    "format": "large",
                    "title": "Test",
                    "url": "https:\/\/www.cdiscount.com\/pdt2\/novisuel\/700x700.gif",
                    "size": "244",
                    "width": "700",
                    "height": "700",
                    "updated_at": "2021-03-25T09:19:46.000000Z"
                }
            ]
        },
        "VariationGroupId": "AB019425212598",
        "variationAttributes": [
        {
          "code": "3264",
          "label": "Couleur principale",
          "unit": "string",
          "values": ["Blue", "Red"]
        }
      ],
        "attributesGroup": [
            {
                "code": "G\u00e9n\u00e9ral",
                "label": "G\u00e9n\u00e9ral",
                "position": "0",
                "createdAt": "2020-07-29",
                "updatedAt": "2021-08-26",
                "attributes": [
                  {
                    "code": "3264",
                    "label": "Couleur principale",
                    "unit": "string",
                    "value": ["Blue", "Red"]
                  }
                ]
            }
        ],
        "status": "active",
        "created_at": "2021-03-21T09:21:38.000000Z",
        "updated_at": "2021-04-30T09:21:38.000000Z",
        "thirdLevelCategoryLabel": null
    },
    {
        "productId": "VA-1.3",
        "title": "Article Variant 1.3 avec un axe de variation",
        "description": "Article Variant 1.3 avec un axe de variation",
        "brand": {
            "code": 4720,
            "label": "NINTENDO",
            "image": {
                "large": {
                    "title": "Rockstar image",
                    "url": "https:\/\/lorempixel.com\/700\/700\/?18986.jpg",
                    "size": 600,
                    "width": 960,
                    "height": 720,
                    "updated_at": "2020-05-16 13:51:29"
                }
            }
        },
        "categoryId": "VA01",
        "images": {
            "large": [
                {
                    "format": "large",
                    "title": "Test",
                    "url": "https:\/\/www.cdiscount.com\/pdt2\/novisuel\/700x700.gif",
                    "size": "244",
                    "width": "700",
                    "height": "700",
                    "updated_at": "2021-03-25T09:19:46.000000Z"
                }
            ]
        },
        "VariationGroupId": "AB019425212598",
        "variationAttributes": [
        {
          "code": "3264",
          "label": "Couleur principale",
          "unit": "string",
          "values": ["Yellow", "Green"]
        }
      ],
        "attributesGroup": [
            {
                "code": "G\u00e9n\u00e9ral",
                "label": "G\u00e9n\u00e9ral",
                "position": "0",
                "createdAt": "2020-07-29",
                "updatedAt": "2021-08-26",
                "attributes": [
                  {
                    "code": "3264",
                    "label": "Couleur principale",
                    "unit": "string",
                    "value": ["Yellow", "Green"]
                  }
                ]
            }
        ],
        "status": "active",
        "created_at": "2021-03-21T09:21:38.000000Z",
        "updated_at": "2021-04-30T09:21:38.000000Z",
        "thirdLevelCategoryLabel": null
    },
    {
        "productId": "VA-2.1",
        "title": "Article Variant 2.1 avec deux axes de variation",
        "description": "Article Variant 2.1 avec deux axes de variation",
        "brand": {
            "code": 4720,
            "label": "NINTENDO",
            "image": {
                "large": {
                    "title": "Rockstar image",
                    "url": "https:\/\/lorempixel.com\/700\/700\/?18986.jpg",
                    "size": 600,
                    "width": 960,
                    "height": 720,
                    "updated_at": "2020-05-16 13:51:29"
                }
            }
        },
        "categoryId": "VA01",
        "images": {
            "large": [
                {
                    "format": "large",
                    "title": "Test",
                    "url": "https:\/\/www.cdiscount.com\/pdt2\/novisuel\/700x700.gif",
                    "size": "244",
                    "width": "700",
                    "height": "700",
                    "updated_at": "2021-03-25T09:19:46.000000Z"
                }
            ]
        },
        "VariationGroupId": "AB019425212599",
        "variationAttributes": [
        {
          "code": "3264",
          "label": "Couleur principale",
          "unit": "string",
          "values": ["Black", "Green"]
        },
        {
          "code": "3265",
          "label": "Taille",
          "unit": "string",
          "values": ["S", "M", "L"]
        }
      ],
        "attributesGroup": [
            {
                "code": "G\u00e9n\u00e9ral",
                "label": "G\u00e9n\u00e9ral",
                "position": "0",
                "createdAt": "2020-07-29",
                "updatedAt": "2021-08-26",
                "attributes": [
                  {
                    "code": "3264",
                    "label": "Couleur principale",
                    "unit": "string",
                    "value": ["Black", "Green"]
                  },
                  {
                    "code": "3265",
                    "label": "Taille",
                    "unit": "string",
                    "value": ["S", "M", "L"]
                  }
                ]
            }
        ],
        "status": "active",
        "created_at": "2021-03-21T09:21:38.000000Z",
        "updated_at": "2021-04-30T09:21:38.000000Z",
        "thirdLevelCategoryLabel": null
    },
    {
        "productId": "VA-2.2",
        "title": "Article Variant 2.2 avec deux axes de variation",
        "description": "Article Variant 2.2 avec deux axes de variation",
        "brand": {
            "code": 4720,
            "label": "NINTENDO",
            "image": {
                "large": {
                    "title": "Rockstar image",
                    "url": "https:\/\/lorempixel.com\/700\/700\/?18986.jpg",
                    "size": 600,
                    "width": 960,
                    "height": 720,
                    "updated_at": "2020-05-16 13:51:29"
                }
            }
        },
        "categoryId": "VA01",
        "images": {
            "large": [
                {
                    "format": "large",
                    "title": "Test",
                    "url": "https:\/\/www.cdiscount.com\/pdt2\/novisuel\/700x700.gif",
                    "size": "244",
                    "width": "700",
                    "height": "700",
                    "updated_at": "2021-03-25T09:19:46.000000Z"
                }
            ]
        },
        "VariationGroupId": "AB019425212599",
        "variationAttributes": [
        {
          "code": "3264",
          "label": "Couleur principale",
          "unit": "string",
          "values": ["Blue", "White"]
        },
        {
          "code": "3265",
          "label": "Taille",
          "unit": "string",
          "values": ["S", "M", "L"]
        }
      ],
        "attributesGroup": [
            {
                "code": "G\u00e9n\u00e9ral",
                "label": "G\u00e9n\u00e9ral",
                "position": "0",
                "createdAt": "2020-07-29",
                "updatedAt": "2021-08-26",
                "attributes": [
                  {
                    "code": "3264",
                    "label": "Couleur principale",
                    "unit": "string",
                    "value": ["Blue", "White"]
                  },
                  {
                    "code": "3265",
                    "label": "Taille",
                    "unit": "string",
                    "value": ["S", "M", "L"]
                  }
                ]
            }
        ],
        "status": "active",
        "created_at": "2021-03-21T09:21:38.000000Z",
        "updated_at": "2021-04-30T09:21:38.000000Z",
        "thirdLevelCategoryLabel": null
    },
    {
        "productId": "VA-2.3",
        "title": "Article Variant 2.3 avec deux axes de variation",
        "description": "Article Variant 2.3 avec deux axes de variation",
        "brand": {
            "code": 4720,
            "label": "NINTENDO",
            "image": {
                "large": {
                    "title": "Rockstar image",
                    "url": "https:\/\/lorempixel.com\/700\/700\/?18986.jpg",
                    "size": 600,
                    "width": 960,
                    "height": 720,
                    "updated_at": "2020-05-16 13:51:29"
                }
            }
        },
        "categoryId": "VA01",
        "images": {
            "large": [
                {
                    "format": "large",
                    "title": "Test",
                    "url": "https:\/\/www.cdiscount.com\/pdt2\/novisuel\/700x700.gif",
                    "size": "244",
                    "width": "700",
                    "height": "700",
                    "updated_at": "2021-03-25T09:19:46.000000Z"
                }
            ]
        },
        "VariationGroupId": "AB019425212599",
        "variationAttributes": [
        {
          "code": "3264",
          "label": "Couleur principale",
          "unit": "string",
          "values": ["Red", "Blue"]
        },
        {
          "code": "3265",
          "label": "Taille",
          "unit": "string",
          "values": ["S", "M", "L"]
        }
      ],
      "attributesGroup": [
        {
          "code": "G\u00e9n\u00e9ral",
          "label": "G\u00e9n\u00e9ral",
          "position": "0",
          "createdAt": "2020-07-29",
          "updatedAt": "2021-08-26",
          "attributes": [
            {
              "code": "3264",
              "label": "Couleur principale",
              "unit": "string",
              "value": ["Red", "Blue"]
            },
            {
              "code": "3265",
              "label": "Taille",
              "unit": "string",
              "value": ["S", "M", "L"]
            }
          ]
        }
      ],
      "status": "active",
      "created_at": "2021-03-21T09:21:38.000000Z",
      "updated_at": "2021-04-30T09:21:38.000000Z",
      "thirdLevelCategoryLabel": null
    }
]
