<?xml version="1.0"?>
<config xmlns:xsi="http://www.w3.org/2001/XMLSchema-instance" xsi:noNamespaceSchemaLocation="urn:magento:framework:ObjectManager/etc/config.xsd">
    <preference for="Maas\SplitOrder\Api\QuoteHandlerInterface" type="Maas\SplitOrder\Model\QuoteHandler"/>
    <preference for="Maas\SplitOrder\Api\ShippingHandlerInterface" type="Maas\SplitOrder\Model\ShippingHandler"/>
    <preference for="Maas\SplitOrder\Api\SplitHandlerInterface" type="Maas\SplitOrder\Model\SplitHandler"/>
    <preference for="Maas\SplitOrder\Api\MainOrderIdInterface" type="Maas\SplitOrder\Model\MainOrderId"/>

    <type name="Magento\Quote\Model\QuoteManagement">
        <plugin name="maas_sales_run_mono_shipping_service" type="Maas\SplitOrder\Plugin\RunServiceOnMonoshippingCheckout"/>
    </type>
    <type name="Magento\Multishipping\Model\Checkout\Type\Multishipping">
        <plugin name="maas_sales_run_multi_shipping_service" type="Maas\SplitOrder\Plugin\RunServiceOnMultishippingCheckout" sortOrder="1" disabled="false"/>
    </type>

    <preference for="Magento\Multishipping\Model\Checkout\Type\Multishipping" type="Maas\SplitOrder\Model\Checkout\Type\Rewrite\Multishipping"/>
    <virtualType name="multishippingPaymentSpecification" type="Magento\Payment\Model\Method\Specification\Composite">
        <arguments>
            <argument name="specifications" xsi:type="array">
                <item name="enabled" xsi:type="string">Magento\Multishipping\Model\Payment\Method\Specification\Enabled</item>
            </argument>
        </arguments>
    </virtualType>
    <virtualType name="multishippingSplitOrder" type="Maas\SplitOrder\Model\Checkout\Type\Rewrite\Multishipping">
        <arguments>
            <argument name="paymentSpecification" xsi:type="object">multishippingPaymentSpecification</argument>
        </arguments>
    </virtualType>
    <type name="Maas\SplitOrder\Plugin\RunServiceOnMonoshippingCheckout">
        <arguments>
            <argument name="multishipping" xsi:type="object">multishippingSplitOrder</argument>
            <argument name="maasSession" xsi:type="object">Maas\Sales\Model\Session\Proxy</argument>
        </arguments>
    </type>

    <!--- Restore original cart -->
    <type name="Magento\Checkout\Model\Session">
        <plugin name="maas_restore_original_cart" type="Maas\SplitOrder\Plugin\RestoreOriginalCart"/>
    </type>
    <type name="Maas\SplitOrder\Plugin\RestoreOriginalCart">
        <arguments>
            <argument name="maasSession" xsi:type="object">Maas\Sales\Model\Session\Proxy</argument>
        </arguments>
    </type>
</config>
