<?xml version="1.0"?>
<schema xmlns:xsi="http://www.w3.org/2001/XMLSchema-instance"
        xsi:noNamespaceSchemaLocation="urn:magento:framework:Setup/Declaration/Schema/etc/schema.xsd">
    <table name="maas_eav_attribute_set_info" resource="default" engine="innodb" comment="Eav Attribute Set">
        <column xsi:type="smallint" name="attribute_set_id" unsigned="true" nullable="false" identity="true"
            comment="Attribute Set ID"/>
        <column xsi:type="varchar" name="maas_category_id" nullable="true" length="255" comment="Maas Category Id"/>
        <constraint xsi:type="primary" referenceId="PRIMARY">
            <column name="attribute_set_id"/>
        </constraint>
        <constraint xsi:type="foreign"
            referenceId="MAAS_EAV_ATTRIBUTE_SET_ATTRIBUTE_SET_INFO_ID_EAV_ATTRIBUTE_SET_ATTRIBUTE_SET_ID"
            table="maas_eav_attribute_set" column="attribute_set_id" referenceTable="eav_attribute_set"
            referenceColumn="attribute_set_id" onDelete="CASCADE"/>
    </table>
</schema>
