<?xml version="1.0"?>
<config xmlns:xsi="http://www.w3.org/2001/XMLSchema-instance" xsi:noNamespaceSchemaLocation="urn:magento:framework:ObjectManager/etc/config.xsd">
    <preference for="Maas\AttributeSet\Api\Data\AttributeSetInfoInterface" type="Maas\AttributeSet\Model\AttributeSetInfo"/>
    <preference for="Maas\AttributeSet\Api\AttributeSetInfoRepositoryInterface" type="Maas\AttributeSet\Model\AttributeSetInfoRepository"/>
    <type name="Maas\AttributeSet\Model\AttributeSetInfoRepository">
        <arguments>
            <argument name="resource" xsi:type="object">Maas\AttributeSet\Model\ResourceModel\AttributeSetInfo</argument>
            <argument name="modelFactory" xsi:type="object">Maas\AttributeSet\Model\AttributeSetInfoFactory</argument>
        </arguments>
    </type>
    <type name="Magento\Eav\Api\AttributeSetRepositoryInterface">
        <plugin name="save_attribute_set_repository" type="Maas\AttributeSet\Plugin\AttributeSetSavePlugin"/>
        <plugin name="get_attribute_set_repository" type="Maas\AttributeSet\Plugin\AttributeSetGetPlugin"/>
    </type>
</config>
