<?xml version="1.0"?>
<config xmlns:xsi="http://www.w3.org/2001/XMLSchema-instance" xsi:noNamespaceSchemaLocation="urn:magento:framework:Api/etc/extension_attributes.xsd">
    <extension_attributes for="Magento\Eav\Api\Data\AttributeSetInterface">
        <attribute code="extra_info" type="Maas\AttributeSet\Api\Data\AttributeSetInfoInterface">
            <join reference_table="maas_eav_attribute_set_info" reference_field="attribute_set_id" join_on_field="attribute_set_id">
                <field>maas_category_id</field>
            </join>
        </attribute>
    </extension_attributes>
</config>
