<config xmlns:xsi="http://www.w3.org/2001/XMLSchema-instance" xsi:noNamespaceSchemaLocation="urn:magento:module:Magento_Config:etc/system_file.xsd">
    <system>
        <section id="maas_logs" translate="label" sortOrder="100" showInDefault="1" showInWebsite="1" showInStore="1">
            <class>separator-top</class>
            <label>Logs Settings</label>
            <tab>maas_plugin</tab>
            <resource>Maas_Core::config</resource>
            <group id="general" translate="label" type="text" sortOrder="10" showInDefault="1" showInWebsite="0" showInStore="0">
                <label>Logs Settings</label>
                <field id="lifespan" translate="label" type="text" sortOrder="10" showInDefault="1" showInWebsite="0" showInStore="0">
                    <label>Storage duration (days)</label>
                </field>
                <field id="notification_enabled" translate="label" type="select" sortOrder="20" showInDefault="1" showInWebsite="0" showInStore="0">
                    <label>Send Email Notifications</label>
                    <source_model>Magento\Config\Model\Config\Source\Yesno</source_model>
                </field>
                <field id="notification_email" translate="label" type="text" sortOrder="30" showInDefault="1" showInWebsite="0" showInStore="0">
                    <label>Notifications Email</label>
                </field>
                <field id="front_response_logger" translate="label" type="select" sortOrder="1" showInDefault="1" showInWebsite="0" showInStore="0">
                    <label>Enable front response time logging</label>
                    <source_model>Magento\Config\Model\Config\Source\Yesno</source_model>
                </field>
            </group>
            <group id="advanced" translate="label" type="text" sortOrder="10" showInDefault="1" showInWebsite="0" showInStore="0">
                <label>Advanced configuration</label>
                <field id="attribute_creation_perf" translate="label" type="select" sortOrder="10" showInDefault="1" showInWebsite="0" showInStore="0">
                    <label>Product - Create attributes</label>
                    <source_model>Magento\Config\Model\Config\Source\Yesno</source_model>
                </field>
                <field id="variation_creation_group_perf" translate="label" type="select" sortOrder="20" showInDefault="1" showInWebsite="0" showInStore="0">
                    <label>Product - Configurable product creation</label>
                    <source_model>Magento\Config\Model\Config\Source\Yesno</source_model>
                </field>
                <field id="image_import_perf" translate="label" type="select" sortOrder="30" showInDefault="1" showInWebsite="0" showInStore="0">
                    <label>Product - Images Import</label>
                    <source_model>Magento\Config\Model\Config\Source\Yesno</source_model>
                </field>
                <field id="entity_import_perf" translate="label" type="select" sortOrder="40" showInDefault="1" showInWebsite="0" showInStore="0">
                    <label>Repository - Import datas in the dedicated entities</label>
                    <source_model>Magento\Config\Model\Config\Source\Yesno</source_model>
                </field>
                <field id="inventory_import_perf" translate="label" type="select" sortOrder="80" showInDefault="1" showInWebsite="0" showInStore="0">
                    <label>Repository - Stocks Import</label>
                    <source_model>Magento\Config\Model\Config\Source\Yesno</source_model>
                </field>
                <field id="delivery_import_perf" translate="label" type="select" sortOrder="90" showInDefault="1" showInWebsite="0" showInStore="0">
                    <label>Repository - Import of delivery modes</label>
                    <source_model>Magento\Config\Model\Config\Source\Yesno</source_model>
                </field>
                <field id="tax_import_perf" translate="label" type="select" sortOrder="91" showInDefault="1" showInWebsite="0" showInStore="0">
                    <label>Repository - taxes Import</label>
                    <source_model>Magento\Config\Model\Config\Source\Yesno</source_model>
                </field>
                <field id="price_import_perf" translate="label" type="select" sortOrder="100" showInDefault="1" showInWebsite="0" showInStore="0">
                    <label>Repository - Prices import</label>
                    <source_model>Magento\Config\Model\Config\Source\Yesno</source_model>
                </field>
                <field id="offer_delete_import_perf" translate="label" type="select" sortOrder="70" showInDefault="1" showInWebsite="0" showInStore="0">
                    <label>Repository - Removal of inactive offers</label>
                    <source_model>Magento\Config\Model\Config\Source\Yesno</source_model>
                </field>
                <field id="seller_import_perf" translate="label" type="select" sortOrder="110" showInDefault="1" showInWebsite="0" showInStore="0">
                    <label>Repository - Sellers import</label>
                    <source_model>Magento\Config\Model\Config\Source\Yesno</source_model>
                </field>
                <field id="offer_image_import_perf" translate="label" type="select" sortOrder="120" showInDefault="1" showInWebsite="0" showInStore="0">
                    <label>Repository - Offers images import</label>
                    <source_model>Magento\Config\Model\Config\Source\Yesno</source_model>
                </field>
                <field id="offer_import_perf" translate="label" type="select" sortOrder="50" showInDefault="1" showInWebsite="0" showInStore="0">
                    <label>Repository - Offers import</label>
                    <source_model>Magento\Config\Model\Config\Source\Yesno</source_model>
                </field>
                <field id="update_offer_import_perf" translate="label" type="select" sortOrder="60" showInDefault="1" showInWebsite="0" showInStore="0">
                    <label>Repository - Offers update</label>
                    <source_model>Magento\Config\Model\Config\Source\Yesno</source_model>
                </field>
                <field id="catalog_rule_prepare_data" translate="label" type="select" sortOrder="130" showInDefault="1" showInWebsite="0" showInStore="0">
                    <label>Categorization - Prepare product categories</label>
                    <source_model>Magento\Config\Model\Config\Source\Yesno</source_model>
                </field>
                <field id="assign_product_to_categories" translate="label" type="select" sortOrder="140" showInDefault="1" showInWebsite="0" showInStore="0">
                    <label>Categorization - Add products to categories</label>
                    <source_model>Magento\Config\Model\Config\Source\Yesno</source_model>
                </field>
            </group>
        </section>
    </system>
</config>
