<?xml version="1.0"?>
<maas_db_contents xmlns:xsi="http://www.w3.org/2001/XMLSchema-instance"
                  xsi:noNamespaceSchemaLocation="urn:magento:module:Maas_DatabaseImport:etc/maas_db_imports.xsd">

    <alias name="table" type="Maas\DatabaseImport\Model\ResourceModel\Import\Step\Table"/>
    <alias name="table_with_fetch" type="Maas\DatabaseImport\Model\ResourceModel\Import\Step\TableWithFetch"/>
    <alias name="part" type="Maas\DatabaseImport\Model\Import\Step\Part"/>
    <alias name="SubRow" type="Maas\DatabaseImport\Model\Import\Step\SubRow"/>
    <alias name="set_entity_type_id" type="Maas\DatabaseImport\Model\Import\Step\Eav\SetEntityTypeId"/>
    <alias name="table_delete" type="Maas\DatabaseImport\Model\ResourceModel\Import\Step\TableDelete"/>
    <alias name="batch" type="Maas\DatabaseImport\Model\Import\Step\Batch"/>
    <alias name="link_table" type="Maas\DatabaseImport\Model\ResourceModel\Import\Step\LinkTable"/>
    <!-- Products import-->
    <section id="products">
        <!-- Attributes import-->
        <import id="maas_catalog_attribute_import">
            <step name="attributes_import" type="part">
                <config name="key">attributes</config>
                <step name="01.add_entity_type_id" type="set_entity_type_id">
                    <config name="entity_type">catalog_product</config>
                    <config name="add_to_row">1</config>
                </step>
                <step name="02.eav_attribute" type="table_with_fetch">
                    <config name="table">eav_attribute</config>
                    <config name="keys">entity_type_id,attribute_code</config>
                    <config name="primary_key">attribute_id</config>
                    <config name="fetch_columns"/>
                    <config name="not_updated_columns"/>
                    <config name="where">entity_type_id = {{context entity_type_id}}</config>
                </step>
                <step name="03.catalog_eav_attribute" type="table">
                    <config name="table">catalog_eav_attribute</config>
                    <config name="keys">attribute_id</config>
                    <config name="primary_key">attribute_id</config>
                    <config name="not_updated_columns"/>
                </step>
                <step name="04.add_attribute_to_groups_and_sets"
                      type="Maas\DatabaseImport\Model\ResourceModel\Import\Step\Catalog\Product\AddAttributesToGroupAndSet"/>
                <step name="05.inject_options" type="SubRow">
                    <config name="array_column">options</config>
                    <config name="copied_columns">attribute_id</config>
                    <step name="05.1.add_options"
                          type="Maas\DatabaseImport\Model\ResourceModel\Import\Step\Eav\Attribute\AddOptions"/>
                </step>
            </step>
        </import>
        <!-- Products import-->
        <import id="maas_catalog_product_import">
            <step name="products_import" type="part">
                <config name="key">products</config>
                <step name="01.preprocess">
                    <step name="01.01.add_entity_type_id" type="set_entity_type_id">
                        <config name="entity_type">catalog_product</config>
                        <config name="add_to_row">1</config>
                    </step>
                    <step name="01.02.map_category_data"
                          type="Maas\DatabaseImport\Model\ResourceModel\Import\Step\Catalog\Product\MapCategoryData"/>
                    <step name="01.03.extract_attributes"
                          type="Maas\DatabaseImport\Model\ResourceModel\Import\Step\Catalog\Product\ExtractAttributes"/>
                    <step name="01.04.process_images"
                          type="Maas\DatabaseImport\Model\ResourceModel\Import\Step\Catalog\Product\ProcessImages"/>
                </step>
                <step name="02.validate_and_filter"
                      type="Maas\DatabaseImport\Model\Import\Step\Catalog\Product\Validator\ProductRow">
                </step>
                <step name="03.inject" type="batch">
                    <config name="chunk_size">100</config>
                    <config name="keep_keys">0</config>
                    <step name="03.1.catalog_product_entity" type="table_with_fetch">
                        <config name="table">catalog_product_entity</config>
                        <config name="keys">sku</config>
                        <config name="primary_key">row_id</config>
                        <config name="fetch_columns"/>
                        <config name="not_updated_columns"/>
                    </step>
                    <step name="03.8.configurable_product"
                          type="Maas\DatabaseImport\Model\ResourceModel\Import\Step\Catalog\Product\CreateConfigurableProduct">
                        <step name="03.8.01.catalog_product_entity" type="table_with_fetch">
                            <config name="table">catalog_product_entity</config>
                            <config name="keys">sku</config>
                            <config name="primary_key">row_id</config>
                            <config name="fetch_columns"/>
                            <config name="not_updated_columns"/>
                        </step>
                        <step name="03.8.05.catalog_product_relation" type="link_table">
                            <config name="table">catalog_product_relation</config>
                            <config name="keys">parent_id,child_id</config>
                            <config name="additional_columns"/>
                        </step>
                        <step name="03.8.06.catalog_product_super_link" type="table">
                            <config name="table">catalog_product_super_link</config>
                            <config name="keys">product_id,parent_id</config>
                            <config name="primary_key">link_id</config>
                            <config name="not_updated_columns"/>
                        </step>
                        <step name="03.8.07.catalog_product_super_attribute" type="table_with_fetch">
                            <config name="table">catalog_product_super_attribute</config>
                            <config name="keys">product_id,attribute_id</config>
                            <config name="primary_key">product_super_attribute_id</config>
                            <config name="fetch_columns"/>
                            <config name="not_updated_columns"/>
                        </step>
                        <step name="03.8.08.catalog_product_super_attribute_label" type="table">
                            <config name="table">catalog_product_super_attribute_label</config>
                            <config name="keys">product_super_attribute_id,store_id</config>
                            <config name="primary_key">value_id</config>
                            <config name="not_updated_columns"/>
                        </step>
                    </step>
                    <step name="03.2.add_media_gallery_values"
                          type="Maas\DatabaseImport\Model\ResourceModel\Import\Step\Catalog\Product\AddMediaGalleryValues">
                        <config name="image_attributes">image,small_image,thumbnail</config>
                        <config name="media_attribute">media_gallery</config>
                        <step name="03.2.01.catalog_product_entity_media_gallery" type="table_with_fetch">
                            <config name="table">catalog_product_entity_media_gallery</config>
                            <config name="keys">attribute_id,value,media_type</config>
                            <config name="primary_key">value_id</config>
                            <config name="fetch_columns"/>
                            <config name="not_updated_columns"/>
                        </step>
                        <step name="03.2.02.catalog_product_entity_media_gallery_value" type="table">
                            <config name="table">catalog_product_entity_media_gallery_value</config>
                            <config name="keys">value_id,store_id,row_id</config>
                            <config name="primary_key">record_id</config>
                            <config name="fetch_columns"/>
                            <config name="not_updated_columns"/>
                        </step>
                        <step name="03.2.03.catalog_product_entity_media_gallery_value_to_entity" type="link_table">
                            <config name="table">catalog_product_entity_media_gallery_value_to_entity</config>
                            <config name="keys">value_id,row_id</config>
                            <config name="additional_columns"/>
                        </step>
                    </step>
                    <step name="03.3.add_attribute_values"
                          type="Maas\DatabaseImport\Model\ResourceModel\Import\Step\Eav\Attribute\AddValues"/>
                    <step name="03.4.add_stock_websites_categories_link"
                          type="Maas\DatabaseImport\Model\ResourceModel\Import\Step\Catalog\Product\StockWebsitesCategoriesLink">
                        <step name="03.4.01.cataloginventory_stock_item" type="table">
                            <config name="table">cataloginventory_stock_item</config>
                            <config name="keys">product_id,stock_id,website_id</config>
                            <config name="primary_key">item_id</config>
                            <config name="not_updated_columns"/>
                        </step>
                        <step name="03.4.02.add_product_websites" type="link_table">
                            <config name="table">catalog_product_website</config>
                            <config name="keys">product_id,website_id</config>
                            <config name="additional_columns"/>
                        </step>
                        <step name="03.4.03.link_products_to_categories" type="table">
                            <config name="table">catalog_category_product</config>
                            <config name="keys">entity_id,product_id,category_id</config>
                            <config name="primary_key">entity_id</config>
                            <config name="not_updated_columns"/>
                        </step>
                    </step>
                    <step name="03.7.url_write"
                          type="Maas\DatabaseImport\Model\ResourceModel\Import\Step\Catalog\Product\UrlRewrite">
                        <step name="03.7.01.url_write" type="table_with_fetch">
                            <config name="table">url_rewrite</config>
                            <config name="keys">entity_id,target_path</config>
                            <config name="primary_key">url_rewrite_id</config>
                            <config name="fetch_columns"/>
                            <config name="not_updated_columns"/>
                        </step>
                        <step name="03.7.02.url_rewrite_product_category" type="link_table">
                            <config name="table">catalog_url_rewrite_product_category</config>
                            <config name="keys">url_rewrite_id,category_id,product_id</config>
                            <config name="additional_columns"/>
                        </step>
                    </step>
                </step>
            </step>
        </import>
        <import id="maas_catalog_product_delete">
            <step name="maas_delete_product_offer"
                  type="Maas\DatabaseImport\Model\ResourceModel\Import\Step\Catalog\Product\Delete\Offer"/>
            <step name="catalog_product_delete"
                  type="Maas\DatabaseImport\Model\ResourceModel\Import\Step\Catalog\Product\Delete\Product">
                <step name="catalog_product_entity_delete" type="table_delete">
                    <config name="table">catalog_product_entity</config>
                    <config name="keys">entity_id</config>
                </step>
                <step name="catalog_product_relation_delete" type="table_delete">
                    <config name="table">catalog_product_relation</config>
                    <config name="keys">child_id,parent_id</config>
                </step>
                <step name="catalog_product_super_link_delete" type="table_delete">
                    <config name="table">catalog_product_super_link</config>
                    <config name="keys">product_id,parent_id</config>
                </step>
                <step name="url_rewrite_delete" type="table_delete">
                    <config name="table">url_rewrite</config>
                    <config name="keys">entity_id</config>
                </step>
                <step name="catalog_product_super_attribute_delete" type="table_delete">
                    <config name="table">catalog_product_super_attribute</config>
                    <config name="keys">product_id</config>
                </step>
            </step>
        </import>
    </section>
    <!-- Import Offers -->
    <section id="offers">
        <import id="maas_offer_import_without_staging">
            <step name="offers_import" type="part">
                <config name="key">offers</config>
                <step name="01.inject" type="batch">
                    <config name="chunk_size">100</config>
                    <config name="keep_keys">0</config>
                    <step name="01.2.inject_offer" type="table">
                        <config name="table">maas_offer</config>
                        <config name="keys">maas_entity_id</config>
                        <config name="primary_key">entity_id</config>
                        <config name="fetch_columns"/>
                        <config name="not_updated_columns"/>
                    </step>
                    <step name="01.3.offer_price"
                          type="Maas\DatabaseImport\Model\ResourceModel\Import\Step\Offer\Price">
                        <step name="01.3.1.inject_offer_price" type="table">
                            <config name="table">maas_offer_price</config>
                            <config name="primary_key">entity_id</config>
                            <config name="keys">maas_entity_id</config>
                            <config name="fetch_columns"/>
                            <config name="not_updated_columns"/>
                        </step>
                    </step>
                    <step name="01.4.offer_inventory"
                          type="Maas\DatabaseImport\Model\ResourceModel\Import\Step\Offer\Inventory">
                        <step name="01.4.1.inject_offer_inventory" type="table">
                            <config name="table">maas_offer_inventory</config>
                            <config name="keys">maas_entity_id</config>
                            <config name="primary_key">entity_id</config>
                            <config name="fetch_columns"/>
                            <config name="not_updated_columns"/>
                        </step>
                    </step>
                </step>
            </step>
        </import>
        <import id="maas_offer_delete">
            <step name="01.maas_disable_products"
                  type="Maas\DatabaseImport\Model\ResourceModel\Import\Step\Offer\Product">
                <step name="01.1.add_attribute_values"
                      type="Maas\DatabaseImport\Model\ResourceModel\Import\Step\Eav\Attribute\AddValues"/>
                <step name="01.2.update_cataloginventory_stock_item" type="table">
                    <config name="table">cataloginventory_stock_item</config>
                    <config name="keys">product_id,stock_id,website_id</config>
                    <config name="primary_key">item_id</config>
                    <config name="not_updated_columns"/>
                </step>
                <step name="01.3.update_cataloginventory_stock_status" type="table">
                    <config name="table">cataloginventory_stock_status</config>
                    <config name="keys">product_id,stock_id,website_id</config>
                    <config name="primary_key">product_id</config>
                    <config name="not_updated_columns"/>
                </step>
            </step>
            <step name="02.maas_offer_delete" type="table_delete">
                <config name="table">maas_offer</config>
                <config name="keys">maas_entity_id</config>
            </step>
        </import>
    </section>
</maas_db_contents>
