<?xml version="1.0"?>
<config xmlns:xsi="http://www.w3.org/2001/XMLSchema-instance" xsi:noNamespaceSchemaLocation="urn:magento:module:Rcason_Mq:etc/ce_mq.xsd">
    <!-- Queue for product -->
    <ceQueue name="maas_importexport.import_catalog_product.db.queue" broker="mysql"
             messageSchema="Maas\ImportExport\Api\Data\ProductImportMessageInterface"
             consumerInterface="Maas\DatabaseImport\Model\Import\Consumer\Product"/>

    <ceQueue name="maas_importexport.import_catalog_product.rabbitmq.queue" broker="amqp"
             messageSchema="Maas\ImportExport\Api\Data\ProductImportMessageInterface"
             consumerInterface="Maas\DatabaseImport\Model\Import\Consumer\Product"/>
    <!-- Queue for category -->
    <ceQueue name="maas_importexport.import_catalog_category.db.queue" broker="mysql"
             messageSchema="Maas\ImportExport\Api\Data\CategoryImportMessageInterface"
             consumerInterface="Maas\ImportExport\Model\Import\Catalog\Category\Consumer"/>

    <ceQueue name="maas_importexport.import_catalog_category.rabbitmq.queue" broker="amqp"
             messageSchema="Maas\ImportExport\Api\Data\CategoryImportMessageInterface"
             consumerInterface="Maas\ImportExport\Model\Import\Catalog\Category\Consumer"/>
    <!-- Queue for offer -->
    <ceQueue name="maas_importexport.import_offer.db.queue" broker="mysql"
             messageSchema="Maas\ImportExport\Api\Data\OfferImportMessageInterface"
             consumerInterface="Maas\ImportExport\Model\Import\Offer\Consumer"/>

    <ceQueue name="maas_importexport.import_offer.rabbitmq.queue" broker="amqp"
             messageSchema="Maas\ImportExport\Api\Data\OfferImportMessageInterface"
             consumerInterface="Maas\ImportExport\Model\Import\Offer\Consumer"/>

    <!-- Queue for seller -->
    <ceQueue name="maas_importexport.import_seller.db.queue" broker="mysql"
             messageSchema="Maas\ImportExport\Api\Data\SellerImportMessageInterface"
             consumerInterface="Maas\ImportExport\Model\Import\Seller\Consumer"/>

    <ceQueue name="maas_importexport.import_seller.rabbitmq.queue" broker="amqp"
             messageSchema="Maas\ImportExport\Api\Data\SellerImportMessageInterface"
             consumerInterface="Maas\ImportExport\Model\Import\Seller\Consumer"/>

</config>
