<?xml version="1.0"?>
<config xmlns:xsi="http://www.w3.org/2001/XMLSchema-instance" xsi:noNamespaceSchemaLocation="urn:magento:framework:Communication/etc/communication.xsd">
    <!-- topic for product -->
    <topic name="maas_importexport.import_catalog_product.db.topic" request="Maas\ImportExport\Api\Data\ProductImportMessageInterface" />
    <topic name="maas_importexport.import_catalog_product.rabbitmq.topic" request="Maas\ImportExport\Api\Data\ProductImportMessageInterface" />
    <!-- topic for category -->
    <topic name="maas_importexport.import_catalog_category.db.topic" request="Maas\ImportExport\Api\Data\CategoryImportMessageInterface" />
    <topic name="maas_importexport.import_catalog_category.rabbitmq.topic" request="Maas\ImportExport\Api\Data\CategoryImportMessageInterface" />
    <!-- topic for offer -->
    <topic name="maas_importexport.import_offer.db.topic" request="Maas\ImportExport\Api\Data\OfferImportMessageInterface" />
    <topic name="maas_importexport.import_offer.rabbitmq.topic" request="Maas\ImportExport\Api\Data\OfferImportMessageInterface" />
    <!-- topic for seller -->
    <topic name="maas_importexport.import_seller.db.topic" request="Maas\ImportExport\Api\Data\SellerImportMessageInterface" />
    <topic name="maas_importexport.import_seller.rabbitmq.topic" request="Maas\ImportExport\Api\Data\SellerImportMessageInterface" />
</config>
