<?xml version="1.0"?>
<config xmlns:xsi="http://www.w3.org/2001/XMLSchema-instance" xsi:noNamespaceSchemaLocation="urn:magento:module:Magento_Cron:etc/crontab.xsd">
    <group id="maas_order">
        <job name="maas_order_status_import" instance="Maas\ImportExport\Cron\Import\Order\Status" method="execute">
            <config_path>crontab/maas/jobs/maas_order_status_import/schedule/cron_expr</config_path>
        </job>
        <job name="maas_order_orders_export" instance="Maas\ImportExport\Cron\Export\Order\Orders" method="execute">
            <config_path>crontab/maas/jobs/maas_order_orders_export/schedule/cron_expr</config_path>
        </job>
    </group>
    <group id="maas_catalog">
        <job name="maas_catalog_product_import" instance="Maas\ImportExport\Cron\Import\Catalog\Product" method="execute">
            <config_path>crontab/maas/jobs/maas_catalog_product_import/schedule/cron_expr</config_path>
        </job>
        <job name="maas_offer_offer_import" instance="Maas\ImportExport\Cron\Import\Offer\Offer" method="execute">
            <config_path>crontab/maas/jobs/maas_offer_offer_import/schedule/cron_expr</config_path>
        </job>
        <job name="maas_seller_seller_import" instance="Maas\ImportExport\Cron\Import\Seller\Seller" method="execute">
            <config_path>crontab/maas/jobs/maas_seller_seller_import/schedule/cron_expr</config_path>
        </job>
    </group>
</config>
