<?xml version="1.0"?>
<config xmlns:xsi="http://www.w3.org/2001/XMLSchema-instance"
        xsi:noNamespaceSchemaLocation="urn:magento:framework:ObjectManager/etc/config.xsd">
    <type name="Magento\Framework\Console\CommandListInterface">
        <arguments>
            <argument name="commands" xsi:type="array">
                <item name="maas_command_importorderstatus" xsi:type="object">Maas\ImportExport\Console\Command\Import\Order\Status</item>
                <item name="maas_command_exportorder" xsi:type="object">Maas\ImportExport\Console\Command\Export\Order</item>
                <item name="maas_command_import_product_api" xsi:type="object">Maas\ImportExport\Console\Command\Import\Catalog\Product\Api</item>
                <item name="maas_command_import_offer_api" xsi:type="object">Maas\ImportExport\Console\Command\Import\Offer\Api</item>
                <item name="maas_command_import_seller_api" xsi:type="object">Maas\ImportExport\Console\Command\Import\Seller\Api</item>
                <item name="maas_command_product_consumer" xsi:type="object">Maas\ImportExport\Console\Command\Import\Catalog\Product\Consumer</item>
                <item name="maas_command_offer_offer_consumer" xsi:type="object">Maas\ImportExport\Console\Command\Import\Offer\Consumer</item>
                <item name="maas_command_offer_price_consumer" xsi:type="object">Maas\ImportExport\Console\Command\Import\Price\Consumer</item>
                <item name="maas_command_offer_inventory_consumer" xsi:type="object">Maas\ImportExport\Console\Command\Import\Inventory\Consumer</item>
                <item name="maas_command_seller_consumer" xsi:type="object">Maas\ImportExport\Console\Command\Import\Seller\Consumer</item>
            </argument>
        </arguments>
    </type>
    <type name="Rcason\MqAmqp\Setup\Recurring">
        <plugin name="maas_importexport_prevent_amqp_module_from_crashing_update"
                type="Maas\ImportExport\Plugin\PreventAmqpModuleFromCrashingUpdate"/>
    </type>

    <!-- Catalog product import -->
    <preference for="Maas\ImportExport\Api\Data\ProductImportMessageInterface"
                type="Maas\ImportExport\Model\Import\Catalog\Product\Message"/>

    <preference for="Maas\ImportExport\Api\Data\Catalog\AttributeInterface"
                type="Maas\ImportExport\Model\Import\Catalog\Product\Data\Attribute"/>
    <preference for="Maas\ImportExport\Api\Data\Catalog\AttributesGroupInterface"
                type="Maas\ImportExport\Model\Import\Catalog\Product\Data\AttributesGroup"/>
    <preference for="Maas\ImportExport\Api\Data\Catalog\BrandInterface"
                type="Maas\ImportExport\Model\Import\Catalog\Product\Data\Brand"/>
    <preference for="Maas\ImportExport\Api\Data\Catalog\BrandImagesInterface"
                type="Maas\ImportExport\Model\Import\Catalog\Product\Data\BrandImages"/>
    <preference for="Maas\ImportExport\Api\Data\Common\ImageInterface"
                type="Maas\ImportExport\Model\Import\Common\Data\Image"/>
    <preference for="Maas\ImportExport\Api\Data\Catalog\ProductImagesInterface"
                type="Maas\ImportExport\Model\Import\Catalog\Product\Data\ProductImages"/>
    <preference for="Maas\ImportExport\Api\Data\Catalog\ProductInterface"
                type="Maas\ImportExport\Model\Import\Catalog\Product\Data\Product"/>
    <preference for="Maas\ImportExport\Api\Data\Catalog\VariationAttributeInterface"
                type="Maas\ImportExport\Model\Import\Catalog\Product\Data\VariationAttribute"/>

    <!-- Category import -->
    <preference for="Maas\ImportExport\Api\Data\CategoryImportMessageInterface"
                type="Maas\ImportExport\Model\Import\Catalog\Category\Message"/>
    <preference for="Maas\ImportExport\Api\Data\Catalog\CategoryInterface"
                type="Maas\ImportExport\Model\Import\Catalog\Category\Data\Category"/>
    <preference for="Maas\ImportExport\Api\Data\Catalog\Category\AttributeInterface"
                type="Maas\ImportExport\Model\Import\Catalog\Category\Data\Attribute"/>

    <!-- Offer import -->
    <preference for="Maas\ImportExport\Api\Data\Offer\ConditionInterface"
                type="Maas\ImportExport\Model\Import\Offer\Data\Condition"/>
    <preference for="Maas\ImportExport\Api\Data\Offer\OfferImagesInterface"
                type="Maas\ImportExport\Model\Import\Offer\Data\OfferImages"/>
    <preference for="Maas\ImportExport\Api\Data\Offer\OfferInterface"
                type="Maas\ImportExport\Model\Import\Offer\Data\Offer"/>
    <preference for="Maas\ImportExport\Api\Data\Offer\SellerInterface"
                type="Maas\ImportExport\Model\Import\Offer\Data\Seller"/>
    <preference for="Maas\ImportExport\Api\Data\OfferImportMessageInterface"
                type="Maas\ImportExport\Model\Import\Offer\Message"/>

    <!-- Offer price import -->
    <preference for="Maas\ImportExport\Api\Data\Offer\Price\PriceInterface"
                type="Maas\ImportExport\Model\Import\Offer\Data\Price\Price"/>
    <preference for="Maas\ImportExport\Api\Data\Offer\Price\TaxInterface"
                type="Maas\ImportExport\Model\Import\Offer\Data\Price\Tax"/>

    <!-- Offer Inventory import -->
    <preference for="Maas\ImportExport\Api\Data\Offer\Inventory\DeliveryInterface"
                type="Maas\ImportExport\Model\Import\Offer\Data\Inventory\Delivery"/>
    <preference for="Maas\ImportExport\Api\Data\Offer\Inventory\InventoryInterface"
                type="Maas\ImportExport\Model\Import\Offer\Data\Inventory\Inventory"/>

    <!-- Seller import -->
    <preference for="Maas\ImportExport\Api\Data\Seller\SellerInterface"
                type="Maas\ImportExport\Model\Import\Seller\Data\Seller"/>
    <preference for="Maas\ImportExport\Api\Data\Seller\LogoInterface"
                type="Maas\ImportExport\Model\Import\Seller\Data\Logo"/>
    <preference for="Maas\ImportExport\Api\Data\Seller\LogoRenditionInterface"
                type="Maas\ImportExport\Model\Import\Seller\Data\LogoRendition"/>
    <preference for="Maas\ImportExport\Api\Data\Seller\AddressInterface"
                type="Maas\ImportExport\Model\Import\Seller\Data\Address"/>
    <preference for="Maas\ImportExport\Api\Data\Seller\LegalTermsInterface"
                type="Maas\ImportExport\Model\Import\Seller\Data\LegalTerms"/>
    <preference for="Maas\ImportExport\Api\Data\SellerImportMessageInterface"
                type="Maas\ImportExport\Model\Import\Seller\Message"/>

    <type name="Magento\Catalog\Model\Product">
        <plugin name="maasimportexport_prevent_product_aftersave_on_import"
                type="Maas\ImportExport\Plugin\Import\Catalog\Product\PreventProductAfterSaveOnImport"/>
    </type>
    <type name="Magento\CatalogRule\Model\Indexer\Product\ProductRuleProcessor">
        <plugin name="maasimportexport_prevent_product_rule_processor_on_import"
                type="Maas\ImportExport\Plugin\Import\Catalog\Product\PreventProductRuleProcessorOnImport"/>
    </type>
    <type name="Magento\Framework\Model\ActionValidator\RemoveAction">
        <arguments>
            <argument name="protectedModels" xsi:type="array">
                <item name="catalogProduct" xsi:type="null"/>
            </argument>
        </arguments>
    </type>
    <type name="Magento\ImportExport\Model\ResourceModel\Import\Data">
        <plugin name="maas_import_export_clean_bunches"
                type="Maas\ImportExport\Plugin\Model\ResourceModel\Import\Data"/>
    </type>
    <type name="Magento\ImportExport\Model\Import\Entity\AbstractEntity">
        <plugin name="maas_import_export_clean_bunches"
                type="Maas\ImportExport\Plugin\Model\Import\Entity\AbstractEntity"/>
    </type>

    <type name="Maas\ImportExport\Model\Import\Catalog\Product">
        <arguments>
            <argument name="adapters" xsi:type="array">
                <item name="V1" xsi:type="object">Maas\ImportExport\Model\Import\Catalog\Product\Adapter\V1</item>
                <item name="V2" xsi:type="object">Maas\ImportExport\Model\Import\Catalog\Product\Adapter\V2</item>
                <item name="V3" xsi:type="object">Maas\ImportExport\Model\Import\Catalog\Product\Adapter\V3</item>
            </argument>
        </arguments>
    </type>

    <type name="Maas\ImportExport\Model\Import\Offer\Offer">
        <arguments>
            <argument name="adapters" xsi:type="array">
                <item name="V1" xsi:type="object">Maas\ImportExport\Model\Import\Offer\Adapter\V1</item>
                <item name="V2" xsi:type="object">Maas\ImportExport\Model\Import\Offer\Adapter\V2</item>
                <item name="V3" xsi:type="object">Maas\ImportExport\Model\Import\Offer\Adapter\V3</item>
            </argument>
        </arguments>
    </type>

    <type name="Maas\ImportExport\Model\Import\Seller\Seller">
        <arguments>
            <argument name="adapters" xsi:type="array">
                <item name="V2" xsi:type="object">Maas\ImportExport\Model\Import\Seller\Adapter\V2</item>
                <item name="V3" xsi:type="object">Maas\ImportExport\Model\Import\Seller\Adapter\V3</item>
            </argument>
        </arguments>
    </type>


    <!-- CLI arguments -->
    <type name="Maas\ImportExport\Console\Command\Import\Seller\Api">
        <arguments>
            <argument name="importModel" xsi:type="object">Maas\ImportExport\Model\Import\Seller\Seller</argument>
            <argument name="importPublisher" xsi:type="object">Maas\ImportExport\Model\Import\Seller\Publisher</argument>
        </arguments>
    </type>
    <type name="Maas\ImportExport\Console\Command\Import\Offer\Api">
        <arguments>
            <argument name="importModel" xsi:type="object">Maas\ImportExport\Model\Import\Offer\Offer</argument>
            <argument name="importPublisher" xsi:type="object">Maas\ImportExport\Model\Import\Offer\Publisher</argument>
        </arguments>
    </type>
    <type name="Maas\ImportExport\Console\Command\Import\Catalog\Product\Api">
        <arguments>
            <argument name="importModel" xsi:type="object">Maas\ImportExport\Model\Import\Catalog\Product</argument>
            <argument name="importPublisher" xsi:type="object">Maas\ImportExport\Model\Import\Catalog\Product\Publisher</argument>
            <argument name="dependencies" xsi:type="array">
                <item name="category" xsi:type="object">Maas\ImportExport\Console\Command\Import\Catalog\Category\Api</item>
            </argument>
        </arguments>
    </type>
    <type name="Maas\ImportExport\Console\Command\Import\Catalog\Category\Api">
        <arguments>
            <argument name="importModel" xsi:type="object">Maas\ImportExport\Model\Import\Catalog\Category</argument>
            <argument name="importPublisher" xsi:type="object">Maas\ImportExport\Model\Import\Catalog\Category\Publisher</argument>
        </arguments>
    </type>
    <type name="Maas\Core\Model\Import\Product">
        <plugin name="add_where_to_category_product_unset"
                type="Maas\ImportExport\Plugin\Import\Catalog\Product\AddWhereToCategoryProductUnset" />
    </type>
    <preference for="Magento\CatalogImportExport\Model\Import\Product\Validator" type="Maas\ImportExport\Model\Import\Catalog\Product\Validator" />
    <preference for="Magento\ConfigurableImportExport\Model\Import\Product\Type\Configurable" type="Maas\ImportExport\Model\Import\Catalog\Product\Type\Configurable" />
    <type name="Magento\Framework\MessageQueue\QueueInterface">
        <plugin name="catch_error_rejection_of_queue" type="Maas\ImportExport\Plugin\MessageQueue\CatchRejection" />
    </type>
</config>
