<?xml version="1.0"?>
<config xmlns:xsi="http://www.w3.org/2001/XMLSchema-instance" xsi:noNamespaceSchemaLocation="urn:magento:framework-message-queue:etc/publisher.xsd">
    <!-- Publisher product -->
    <publisher topic="maas_importexport.import_catalog_product.db.topic">
        <connection name="db" exchange="maas_importexport.import_catalog_product.db.exchange" />
    </publisher>
    <publisher topic="maas_importexport.import_catalog_product.rabbitmq.topic">
        <connection name="amqp" exchange="maas_importexport.import_catalog_product.rabbitmq.exchange" />
    </publisher>

    <!-- Publisher category -->
    <publisher topic="maas_importexport.import_catalog_category.db.topic">
        <connection name="db" exchange="maas_importexport.import_catalog_category.db.exchange" />
    </publisher>
    <publisher topic="maas_importexport.import_catalog_category.rabbitmq.topic">
        <connection name="amqp" exchange="maas_importexport.import_catalog_Category.rabbitmq.exchange" />
    </publisher>

    <!-- Publisher offer -->
    <publisher topic="maas_importexport.import_offer.db.topic">
        <connection name="db" exchange="maas_importexport.import_offer.db.exchange" />
    </publisher>
    <publisher topic="maas_importexport.import_offer.rabbitmq.topic">
        <connection name="amqp" exchange="maas_importexport.import_offer.rabbitmq.exchange" />
    </publisher>

    <!-- Publisher seller -->
    <publisher topic="maas_importexport.import_seller.db.topic">
        <connection name="db" exchange="maas_importexport.import_seller.db.exchange" />
    </publisher>
    <publisher topic="maas_importexport.import_seller.rabbitmq.topic">
        <connection name="amqp" exchange="maas_importexport.import_seller.rabbitmq.exchange" />
    </publisher>
</config>
