<?xml version="1.0"?>
<config xmlns:xsi="http://www.w3.org/2001/XMLSchema-instance" xsi:noNamespaceSchemaLocation="urn:magento:framework-message-queue:etc/topology.xsd">
    <!-- Exchange product -->
    <exchange name="maas_importexport.import_catalog_product.db.exchange" type="topic" connection="db">
        <binding id="maas_importexport.import_catalog_product.db.binding" topic="maas_importexport.import_catalog_product.db.topic" destinationType="queue"
                 destination="maas_importexport.import_catalog_product.db.queue" />
    </exchange>

    <exchange name="maas_importexport.import_catalog_product.rabbitmq.exchange" type="topic" connection="amqp">
        <binding id="maas_importexport.import_catalog_product.rabbitmq.binding" topic="maas_importexport.import_catalog_product.rabbitmq.topic" destinationType="queue"
                 destination="maas_importexport.import_catalog_product.rabbitmq.queue" />
    </exchange>

    <!-- Exchange category -->
    <exchange name="maas_importexport.import_catalog_category.db.exchange" type="topic" connection="db">
        <binding id="maas_importexport.import_catalog_category.db.binding" topic="maas_importexport.import_catalog_category.db.topic" destinationType="queue"
                 destination="maas_importexport.import_catalog_category.db.queue" />
    </exchange>

    <exchange name="maas_importexport.import_catalog_category.rabbitmq.exchange" type="topic" connection="amqp">
        <binding id="maas_importexport.import_catalog_category.rabbitmq.binding" topic="maas_importexport.import_catalog_category.rabbitmq.topic" destinationType="queue"
                 destination="maas_importexport.import_catalog_category.rabbitmq.queue" />
    </exchange>

    <!-- Exchange offer -->
    <exchange name="maas_importexport.import_offer.db.exchange" type="topic" connection="db">
        <binding id="maas_importexport.import_offer.db.binding" topic="maas_importexport.import_offer.db.topic" destinationType="queue"
                 destination="maas_importexport.import_offer.db.queue" />
    </exchange>

    <exchange name="maas_importexport.import_offer.rabbitmq.exchange" type="topic" connection="amqp">
        <binding id="maas_importexport.import_offer.rabbitmq.binding" topic="maas_importexport.import_offer.rabbitmq.topic" destinationType="queue"
                 destination="maas_importexport.import_offer.rabbitmq.queue" />
    </exchange>

    <!-- Exchange seller -->
    <exchange name="maas_importexport.import_seller.db.exchange" type="topic" connection="db">
        <binding id="maas_importexport.import_seller.db.binding" topic="maas_importexport.import_seller.db.topic" destinationType="queue"
                 destination="maas_importexport.import_seller.db.queue" />
    </exchange>

    <exchange name="maas_importexport.import_seller.rabbitmq.exchange" type="topic" connection="amqp">
        <binding id="maas_importexport.import_seller.rabbitmq.binding" topic="maas_importexport.import_seller.rabbitmq.topic" destinationType="queue"
                 destination="maas_importexport.import_seller.rabbitmq.queue" />
    </exchange>
</config>
