<?xml version="1.0"?>
<config xmlns:xsi="http://www.w3.org/2001/XMLSchema-instance" xsi:noNamespaceSchemaLocation="urn:magento:framework:Acl/etc/acl.xsd">
    <acl>
        <resources>
            <resource id="Magento_Backend::admin" title="Magento Admin">
                <resource id="Maas_Core::maas" title="Maas Maas" sortOrder="51">
                    <resource id="Maas_Core::presentation" title="Presentation" sortOrder="10"/>
                    <resource id="Maas_Core::config" title="Configuration" sortOrder="99" />
                </resource>
            </resource>
        </resources>
    </acl>
</config>
