<?xml version="1.0"?>
<config xmlns:xsi="http://www.w3.org/2001/XMLSchema-instance" xsi:noNamespaceSchemaLocation="urn:magento:framework:ObjectManager/etc/config.xsd">
    <type name="Magento\Framework\Console\CommandList">
        <arguments>
            <argument name="commands" xsi:type="array">
                <item name="uninstall-module" xsi:type="object">Maas\Core\Console\Command\Uninstall</item>
                <item name="runcli-consumer" xsi:type="object">Maas\Core\Console\Command\RunCli\Consumer</item>
            </argument>
        </arguments>
    </type>

    <type name="Maas\Core\Model\Uninstall\ModuleUninstaller">
        <arguments>
            <argument name="setup" xsi:type="object">Magento\Setup\Module\Setup</argument>
        </arguments>
    </type>

    <preference for="Maas\Core\Api\RunCli\MessageInterface" type="Maas\Core\Model\RunCli\Message" />
    <preference for="Maas\Core\Api\RunCli\ConsumerInterface" type="Maas\Core\Model\RunCli\Consumer" />

    <type name="Maas\Core\Model\Service\Cpu\Manager">
        <arguments>
            <argument name="cpuVariantFactories" xsi:type="array">
                <item name="linux1" xsi:type="object">Maas\Core\Model\Service\Cpu\Linux1Factory</item>
                <item name="windows1" xsi:type="object">Maas\Core\Model\Service\Cpu\Windows1Factory</item>
            </argument>
        </arguments>
    </type>

    <preference for="Magento\CatalogImportExport\Model\Import\Product"
                type="Maas\Core\Model\Import\Product" />

    <preference for="Maas\Core\Api\Data\EditionInterface" type="Maas\Core\Model\Edition" />

</config>
