[
  {
    "id": "1J02",
    "categoryId": "1J02",
    "label": "CONSOLES",
    "level": 2,
    "parentCategoryId": "1J",
    "attributes": [
      {
        "code": "Att_60a37bc20e64d",
        "label": "Couleur principale",
        "required": "Recommended",
        "properties": {
          "backend_type": "int",
          "frontend_input": "select"
        }
      },
      {
        "code": "Att_60a37bc20e659",
        "label": "Cat\u00e9gorie de produit",
        "required": "Recommended",
        "properties": {
          "backend_type": "int",
          "frontend_input": "select"
        }
      },
      {
        "code": "Att_60a37bc20e660",
        "label": "Date de sortie march\u00e9",
        "required": "Recommended",
        "properties": {
          "backend_type": "varchar",
          "frontend_input": "text"
        }
      },
      {
        "code": "Att_60a37bc20e667",
        "label": "Edition",
        "required": "Recommended",
        "properties": {
          "backend_type": "int",
          "frontend_input": "select"
        }
      },
      {
        "code": "Att_60a37bc20e66e",
        "label": "Marque",
        "required": "Recommended",
        "properties": {
          "backend_type": "int",
          "frontend_input": "select"
        }
      },
      {
        "code": "Att_60a37bc20e674",
        "label": "Pack",
        "required": "Recommended",
        "properties": {
          "backend_type": "int",
          "frontend_input": "select"
        }
      },
      {
        "code": "Att_60a37bc20e67a",
        "label": "Plus produit",
        "required": "Recommended",
        "properties": {
          "backend_type": "text",
          "frontend_input": "textarea"
        }
      },
      {
        "code": "Att_60a37bc20e682",
        "label": "Description du produit",
        "required": "Recommended",
        "properties": {
          "backend_type": "text",
          "frontend_input": "textarea"
        }
      },
      {
        "code": "Att_60a37bc20e689",
        "label": "Plateforme",
        "required": "Recommended",
        "properties": {
          "backend_type": "varchar",
          "frontend_input": "multiselect"
        }
      },
      {
        "code": "Att_60a37bc20ecec",
        "label": "Nombre de jeux inclus",
        "required": "Recommended",
        "properties": {
          "backend_type": "int",
          "frontend_input": "select"
        }
      },
      {
        "code": "Att_60a37bc20ecf2",
        "label": "Titre des jeux inclus",
        "required": "Recommended",
        "properties": {
          "backend_type": "varchar",
          "frontend_input": "text"
        }
      },
      {
        "code": "Att_60a37bc20ed68",
        "label": "Note Gameblog.fr",
        "required": "Recommended",
        "properties": {
          "backend_type": "int",
          "frontend_input": "select"
        }
      },
      {
        "code": "Att_60a37bc20e9c9",
        "label": "Couleur principale",
        "required": "Recommended",
        "properties": {
          "backend_type": "int",
          "frontend_input": "select"
        }
      },
      {
        "code": "Att_60a37bc20e9d0",
        "label": "Cat\u00e9gorie de produit",
        "required": "Recommended",
        "properties": {
          "backend_type": "int",
          "frontend_input": "select"
        }
      },
      {
        "code": "Att_60a37bc20e9d6",
        "label": "Edition",
        "required": "Recommended",
        "properties": {
          "backend_type": "int",
          "frontend_input": "select"
        }
      },
      {
        "code": "Att_60a37bc20e9dc",
        "label": "Marque",
        "required": "Recommended",
        "properties": {
          "backend_type": "int",
          "frontend_input": "select"
        }
      },
      {
        "code": "Att_60a37bc20e9e2",
        "label": "Pack",
        "required": "Recommended",
        "properties": {
          "backend_type": "int",
          "frontend_input": "select"
        }
      },
      {
        "code": "Att_60a37bc20e9e8",
        "label": "Plateforme",
        "required": "Recommended",
        "properties": {
          "backend_type": "varchar",
          "frontend_input": "multiselect"
        }
      },
      {
        "code": "Att_60a37bc20e9ee",
        "label": "Nombre d'accessoires",
        "required": "Recommended",
        "properties": {
          "backend_type": "int",
          "frontend_input": "select"
        }
      },
      {
        "code": "Att_60a37bc20e9f4",
        "label": "Elements livr\u00e9s",
        "required": "Recommended",
        "properties": {
          "backend_type": "varchar",
          "frontend_input": "multiselect"
        }
      },
      {
        "code": "Att_60a37bc20e9fa",
        "label": "Alimentation",
        "required": "Recommended",
        "properties": {
          "backend_type": "int",
          "frontend_input": "select"
        }
      },
      {
        "code": "Att_60a37bc20ea4c",
        "label": "Couleur principale",
        "required": "Recommended",
        "properties": {
          "backend_type": "int",
          "frontend_input": "select"
        }
      },
      {
        "code": "Att_60a37bc20ea53",
        "label": "Cat\u00e9gorie de produit",
        "required": "Recommended",
        "properties": {
          "backend_type": "int",
          "frontend_input": "select"
        }
      },
      {
        "code": "Att_60a37bc20ea59",
        "label": "Edition",
        "required": "Recommended",
        "properties": {
          "backend_type": "int",
          "frontend_input": "select"
        }
      },
      {
        "code": "Att_60a37bc20ea5f",
        "label": "Marque",
        "required": "Recommended",
        "properties": {
          "backend_type": "int",
          "frontend_input": "select"
        }
      },
      {
        "code": "Att_60a37bc20ea65",
        "label": "Pack",
        "required": "Recommended",
        "properties": {
          "backend_type": "int",
          "frontend_input": "select"
        }
      },
      {
        "code": "Att_60a37bc20ea6c",
        "label": "Plus produit",
        "required": "Recommended",
        "properties": {
          "backend_type": "text",
          "frontend_input": "textarea"
        }
      },
      {
        "code": "Att_60a37bc20ea72",
        "label": "Description du produit",
        "required": "Recommended",
        "properties": {
          "backend_type": "text",
          "frontend_input": "textarea"
        }
      },
      {
        "code": "Att_60a37bc20ea79",
        "label": "Plateforme",
        "required": "Recommended",
        "properties": {
          "backend_type": "varchar",
          "frontend_input": "multiselect"
        }
      },
      {
        "code": "Att_60a37bc20ea7f",
        "label": "Licences",
        "required": "Recommended",
        "properties": {
          "backend_type": "varchar",
          "frontend_input": "multiselect"
        }
      },
      {
        "code": "Att_60a37bc20ea85",
        "label": "Note Gameblog.fr",
        "required": "Recommended",
        "properties": {
          "backend_type": "int",
          "frontend_input": "select"
        }
      },
      {
        "code": "Att_60a37bc20ea8b",
        "label": "Notes",
        "required": "Recommended",
        "properties": {
          "backend_type": "varchar",
          "frontend_input": "multiselect"
        }
      },
      {
        "code": "Att_60a37bc20edc0",
        "label": "Alimentation",
        "required": "Recommended",
        "properties": {
          "backend_type": "int",
          "frontend_input": "select"
        }
      }
    ],
    "updatedAt": "2020-05-16 13:51:29"
  },
  {
    "id": "1J",
    "categoryId": "1J",
    "label": "JEUX VID\u00c9O",
    "level": 1,
    "parentCategoryId": null,
    "attributes": null,
    "updatedAt": "2020-05-16 13:51:29"
  },
  {
    "id": "1J04",
    "categoryId": "1J04",
    "label": "JEUX VID\u00c9O",
    "level": 2,
    "parentCategoryId": "1J",
    "attributes": [
      {
        "code": "Att_60a37bc20e76a",
        "label": "Date de sortie march\u00e9",
        "required": "Recommended",
        "properties": {
          "backend_type": "varchar",
          "frontend_input": "text"
        }
      },
      {
        "code": "Att_60a37bc20e771",
        "label": "Edition",
        "required": "Recommended",
        "properties": {
          "backend_type": "int",
          "frontend_input": "select"
        }
      },
      {
        "code": "Att_60a37bc20e777",
        "label": "Titre du jeu"
      },
      {
        "code": "Att_60a37bc20eb00",
        "label": "Plus produit",
        "required": "Recommended",
        "properties": {
          "backend_type": "text",
          "frontend_input": "textarea"
        }
      },
      {
        "code": "Att_60a37bc20e77d",
        "label": "Description du produit",
        "required": "Recommended",
        "properties": {
          "backend_type": "text",
          "frontend_input": "textarea"
        }
      },
      {
        "code": "Att_60a37bc20e784",
        "label": "Plateforme",
        "required": "Recommended",
        "properties": {
          "backend_type": "varchar",
          "frontend_input": "multiselect"
        }
      },
      {
        "code": "Att_60a37bc20e78a",
        "label": "Licences",
        "required": "Recommended",
        "properties": {
          "backend_type": "varchar",
          "frontend_input": "multiselect"
        }
      },
      {
        "code": "Att_60a37bc20e790",
        "label": "Gamme de produit",
        "required": "Recommended",
        "properties": {
          "backend_type": "varchar",
          "frontend_input": "multiselect"
        }

      },
      {
        "code": "Att_60a37bc20e796",
        "label": "Support du produit",
        "required": "Recommended",
        "properties": {
          "backend_type": "varchar",
          "frontend_input": "multiselect"
        }
      },
      {
        "code": "Att_60a37bc20e79c",
        "label": "Editeur",
        "required": "Recommended",
        "properties": {
          "backend_type": "varchar",
          "frontend_input": "multiselect"
        }
      },
      {
        "code": "Att_60a37bc20e7a2",
        "label": "Studio de d\u00e9veloppement",
        "required": "Recommended",
        "properties": {
          "backend_type": "varchar",
          "frontend_input": "multiselect"
        }
      },
      {
        "code": "Att_60a37bc20e7a8",
        "label": "Genre du jeu vid\u00e9o",
        "required": "Recommended",
        "properties": {
          "backend_type": "varchar",
          "frontend_input": "multiselect"
        }
      },
      {
        "code": "Att_60a37bc20e7ae",
        "label": "Langues des menus",
        "required": "Recommended",
        "properties": {
          "backend_type": "varchar",
          "frontend_input": "multiselect"
        }
      },
      {
        "code": "Att_60a37bc20e7b4",
        "label": "PEGI - Classification",
        "required": "Recommended",
        "properties": {
          "backend_type": "varchar",
          "frontend_input": "multiselect"
        }
      },
      {
        "code": "Att_60a37bc20e7ba",
        "label": "PEGI - Public",
        "required": "Recommended",
        "properties": {
          "backend_type": "int",
          "frontend_input": "select"
        }
      },
      {
        "code": "Att_60a37bc20e7c0",
        "label": "Nombre de joueurs",
        "required": "Recommended",
        "properties": {
          "backend_type": "varchar",
          "frontend_input": "text"
        }
      },
      {
        "code": "Att_60a37bc20e7c6",
        "label": "Rating USK",
        "required": "Recommended",
        "properties": {
          "backend_type": "int",
          "frontend_input": "select"
        }
      },
      {
        "code": "Att_60a37bc20e7cc",
        "label": "Rating ESRB",
        "required": "Recommended",
        "properties": {
          "backend_type": "varchar",
          "frontend_input": "multiselect"
        }
      },
      {
        "code": "Att_60a37bc20e7d2",
        "label": "Rating ESRB - Description",
        "required": "Recommended",
        "properties": {
          "backend_type": "varchar",
          "frontend_input": "text"
        }
      },
      {
        "code": "Att_60a37bc20e7d8",
        "label": "Mode en ligne",
        "required": "Recommended",
        "properties": {
          "backend_type": "int",
          "frontend_input": "select"
        }
      },
      {
        "code": "Att_60a37bc20e7de",
        "label": "Mode r\u00e9seau",
        "required": "Recommended",
        "properties": {
          "backend_type": "int",
          "frontend_input": "select"
        }
      },
      {
        "code": "Att_60a37bc20eb2b",
        "label": "Version",
        "required": "Recommended",
        "properties": {
          "backend_type": "int",
          "frontend_input": "select"
        }
      },
      {
        "code": "Att_60a37bc20eb37",
        "label": "Pack",
        "required": "Recommended",
        "properties": {
          "backend_type": "int",
          "frontend_input": "select"
        }
      },
      {
        "code": "Att_60a37bc20eb61",
        "label": "Technologie",
        "required": "Recommended",
        "properties": {
          "backend_type": "int",
          "frontend_input": "select"
        }
      },
      {
        "code": "Att_60a37bc20f092",
        "label": "Langue de la voix",
        "required": "Recommended",
        "properties": {
          "backend_type": "varchar",
          "frontend_input": "multiselect"
        }
      },
      {
        "code": "Att_60a37bc20edd6",
        "label": "Plateforme",
        "required": "Recommended",
        "properties": {
          "backend_type": "varchar",
          "frontend_input": "multiselect"
        }
      }
    ],
    "updatedAt": "2020-05-16 13:51:29"
  },
  {
    "id": "1J01",
    "categoryId": "1J01",
    "label": "ACCESSOIRES JEUX VID\u00c9O",
    "level": 2,
    "parentCategoryId": "1J",
    "attributes": [
      {
        "code": "Att_60a37bc20ebbd",
        "label": "Date de sortie march\u00e9",
        "required": "Recommended",
        "properties": {
          "backend_type": "varchar",
          "frontend_input": "text"
        }
      },
      {
        "code": "Att_60a37bc20ebc4",
        "label": "PEGI - Public",
        "required": "Recommended",
        "properties": {
          "backend_type": "int",
          "frontend_input": "select"
        }
      },
      {
        "code": "Att_60a37bc20ebca",
        "label": "Type d'accessoire",
        "required": "Recommended",
        "properties": {
          "backend_type": "varchar",
          "frontend_input": "multiselect"
        }
      },
      {
        "code": "Att_60a37bc20ebd0",
        "label": "Plus produit",
        "required": "Recommended",
        "properties": {
          "backend_type": "text",
          "frontend_input": "textarea"
        }
      },
      {
        "code": "Att_60a37bc20ebd6",
        "label": "Description du produit",
        "required": "Recommended",
        "properties": {
          "backend_type": "text",
          "frontend_input": "textarea"
        }
      },
      {
        "code": "Att_60a37bc20ebde",
        "label": "Plateforme",
        "required": "Recommended",
        "properties": {
          "backend_type": "varchar",
          "frontend_input": "multiselect"
        }
      },
      {
        "code": "Att_60a37bc20edf5",
        "label": "Date de sortie march\u00e9",
        "required": "Recommended",
        "properties": {
          "backend_type": "varchar",
          "frontend_input": "text"
        }
      },
      {
        "code": "Att_60a37bc20edfb",
        "label": "Type d'accessoire",
        "required": "Recommended",
        "properties": {
          "backend_type": "varchar",
          "frontend_input": "multiselect"
        }
      },
      {
        "code": "Att_60a37bc20ee01",
        "label": "Description du produit",
        "required": "Recommended",
        "properties": {
          "backend_type": "text",
          "frontend_input": "textarea"
        }
      },
      {
        "code": "Att_60a37bc20ee07",
        "label": "Accessoires compatibles",
        "required": "Recommended",
        "properties": {
          "backend_type": "varchar",
          "frontend_input": "multiselect"
        }
      },
      {
        "code": "Att_60a37bc20ee0d",
        "label": "Plateforme",
        "required": "Recommended",
        "properties": {
          "backend_type": "varchar",
          "frontend_input": "multiselect"
        }
      },
      {
        "code": "Att_60a37bc20ee13",
        "label": "Vintage",
        "required": "Recommended",
        "properties": {
          "backend_type": "int",
          "frontend_input": "select"
        }
      },
      {
        "code": "Att_60a37bc20ee19",
        "label": "Observations",
        "required": "Recommended",
        "properties": {
          "backend_type": "varchar",
          "frontend_input": "text"
        }
      }
    ],
    "updatedAt": "2020-05-16 13:51:29"
  }
]