[
  {
    "offerId": "8876_0045496502614_6_CASIFR",
    "product_id": "0045496502614",
    "condition": {
      "condition": "New",
      "sub_condition": "NewNew",
      "comment": null
    },
    "seller": {
      "id": 8876,
      "name": "Jeux Video Du net"
    },
    "created_at": "2021-03-25T09:21:44.000000Z",
    "updated_at": "2021-03-25T09:21:44.000000Z",
    "status": "active",
    "bestOfferRank": "1",
    "price": {
      "offerId": "8876_0045496502614_6_CASIFR",
      "price": 253.89,
      "currency": "EUR",
      "taxes": [
        {
          "code": "Vat",
          "type": "RATE",
          "value": 0.2
        }
      ],
      "originalPrice": 253.89,
      "startDate": null,
      "endDate": null,
      "discountID": null,
      "created_at": "2021-03-25T09:21:44.000000Z",
      "updated_at": "2021-03-25T09:21:44.000000Z"
    },
    "inventory": {
      "offerId": "8876_0045496502614_6_CASIFR",
      "stock": 12,
      "supply_mode": "FBC",
      "deliveries": [
        {
          "mode": "EHD",
          "minDelay": 4,
          "maxDelay": 12,
          "shippingCost": 3.2
        },
        {
          "mode": "THD",
          "minDelay": 6,
          "maxDelay": 7,
          "shippingCost": 16.1
        }
      ],
      "updated_at": "2021-03-25T09:21:44.000000Z"
    }
  },
  {
    "offerId": "8876_00454965039012_6_CASIFR",
    "product_id": "00454965039012",
    "condition": {
      "condition": "New",
      "sub_condition": "NewNew",
      "comment": null
    },
    "seller": {
      "id": 8876,
      "name": "Jeux Video Du net"
    },
    "created_at": "2021-03-25T09:21:44.000000Z",
    "updated_at": "2021-03-25T09:21:44.000000Z",
    "status": "active",
    "bestOfferRank": "1",
    "price": {
      "offerId": "8876_00454965039012_6_CASIFR",
      "price": 330.99,
      "currency": "EUR",
      "taxes": [
        {
          "code": "Vat",
          "type": "RATE",
          "value": 0.2
        },
        {
          "code": "ShippingVAT",
          "type": "RATE",
          "value": 0.14
        }
      ],
      "originalPrice": 330.99,
      "startDate": null,
      "endDate": null,
      "discountID": null,
      "created_at": "2021-03-25T09:21:44.000000Z",
      "updated_at": "2021-03-25T09:21:44.000000Z"
    },
    "inventory": {
      "offerId": "8876_00454965039012_6_CASIFR",
      "stock": 1,
      "supply_mode": "FBC",
      "deliveries": [
        {
          "mode": "EHD",
          "minDelay": 2,
          "maxDelay": 12,
          "shippingCost": 5.9
        },
        {
          "mode": "THD",
          "minDelay": 10,
          "maxDelay": 20,
          "shippingCost": 12.5
        }
      ],
      "updated_at": "2021-03-25T09:21:44.000000Z"
    }
  },
  {
    "offerId": "8876_0045496472719_6_CASIFR",
    "product_id": "0045496472719",
    "condition": {
      "condition": "New",
      "sub_condition": "NewNew",
      "comment": null
    },
    "seller": {
      "id": 8876,
      "name": "Jeux Video Du net"
    },
    "created_at": "2021-03-25T09:21:44.000000Z",
    "updated_at": "2021-03-25T09:21:44.000000Z",
    "status": "active",
    "bestOfferRank": "1",
    "price": {
      "offerId": "8876_0045496472719_6_CASIFR",
      "price": 20.79,
      "currency": "EUR",
      "taxes": [
        {
          "code": "Vat",
          "type": "RATE",
          "value": 0.2
        },
        {
          "code": "CustomsDuties",
          "type": "RATE",
          "value": 0.4
        },
        {
          "code": "CustomsVAT",
          "type": "RATE",
          "value": 0.2
        }
      ],
      "originalPrice": 20.79,
      "startDate": null,
      "endDate": null,
      "discountID": null,
      "created_at": "2021-03-25T09:21:44.000000Z",
      "updated_at": "2021-03-25T09:21:44.000000Z"
    },
    "inventory": {
      "offerId": "8876_0045496472719_6_CASIFR",
      "stock": 2,
      "supply_mode": "FBC",
      "deliveries": [
        {
          "mode": "EHD",
          "minDelay": 5,
          "maxDelay": 12,
          "shippingCost": 16.8
        },
        {
          "mode": "THD",
          "minDelay": 8,
          "maxDelay": 17,
          "shippingCost": 18.5
        }
      ],
      "updated_at": "2021-03-25T09:21:44.000000Z"
    }
  },
  {
    "offerId": "85734_0045496474546_6_CASIFR",
    "product_id": "0045496474546",
    "condition": {
      "condition": "New",
      "sub_condition": "NewNew",
      "comment": null
    },
    "seller": {
      "id": 85734,
      "name": "ZKMULTIMEDIA"
    },
    "created_at": "2021-03-25T09:21:44.000000Z",
    "updated_at": "2021-03-25T09:21:44.000000Z",
    "status": "active",
    "bestOfferRank": "1",
    "price": {
      "offerId": "85734_0045496474546_6_CASIFR",
      "price": 115.1,
      "currency": "EUR",
      "taxes": [
        {
          "code": "Vat",
          "type": "RATE",
          "value": 0.2
        },
        {
          "code": "CustomsDuties",
          "type": "RATE",
          "value": 0.4
        },
        {
          "code": "ShippingVAT",
          "type": "RATE",
          "value": 0.14
        }
      ],
      "originalPrice": 115.1,
      "startDate": null,
      "endDate": null,
      "discountID": null,
      "created_at": "2021-03-25T09:21:44.000000Z",
      "updated_at": "2021-03-25T09:21:44.000000Z"
    },
    "inventory": {
      "offerId": "85734_0045496474546_6_CASIFR",
      "stock": 2,
      "supply_mode": "FBC",
      "deliveries": [
        {
          "mode": "THD",
          "minDelay": 2,
          "maxDelay": 5,
          "shippingCost": 8.5
        },
        {
          "mode": "EHD",
          "minDelay": 1,
          "maxDelay": 3,
          "shippingCost": 10
        }
      ],
      "updated_at": "2021-03-25T09:21:44.000000Z"
    }
  },
  {
    "offerId": "85734_0045496472566_6_CASIFR",
    "product_id": "0045496472566",
    "condition": {
      "condition": "New",
      "sub_condition": "NewNew",
      "comment": null
    },
    "seller": {
      "id": 85734,
      "name": "ZKMULTIMEDIA"
    },
    "created_at": "2021-03-25T09:21:44.000000Z",
    "updated_at": "2021-03-25T09:21:44.000000Z",
    "status": "active",
    "bestOfferRank": "1",
    "price": {
      "offerId": "85734_0045496472566_6_CASIFR",
      "price": 30.67,
      "currency": "EUR",
      "taxes": [
        {
          "code": "Vat",
          "type": "RATE",
          "value": 0.2
        },
        {
          "code": "CustomsDuties",
          "type": "RATE",
          "value": 0.4
        },
        {
          "code": "ShippingVAT",
          "type": "RATE",
          "value": 0.14
        },
        {
          "code": "CustomsVAT",
          "type": "RATE",
          "value": 0.2
        }
      ],
      "originalPrice": 30.67,
      "startDate": null,
      "endDate": null,
      "discountID": null,
      "created_at": "2021-03-25T09:21:44.000000Z",
      "updated_at": "2021-03-25T09:21:44.000000Z"
    },
    "inventory": {
      "offerId": "85734_0045496472566_6_CASIFR",
      "stock": 3,
      "supply_mode": "FBC",
      "deliveries": [
        {
          "mode": "EHD",
          "minDelay": 4,
          "maxDelay": 7,
          "shippingCost": 10.6
        },
        {
          "mode": "THD",
          "minDelay": 8,
          "maxDelay": 9,
          "shippingCost": 6.4
        }
      ],
      "updated_at": "2021-03-25T09:21:44.000000Z"
    }
  },
  {
    "offerId": "92149_0045496444556_6_CASIFR",
    "product_id": "0045496444556",
    "condition": {
      "condition": "New",
      "sub_condition": "NewNew",
      "comment": null
    },
    "seller": {
      "id": 92149,
      "name": "La Caverne Zone"
    },
    "created_at": "2021-03-25T09:21:44.000000Z",
    "updated_at": "2021-03-25T09:21:44.000000Z",
    "status": "active",
    "bestOfferRank": "1",
    "price": {
      "offerId": "92149_0045496444556_6_CASIFR",
      "price": 257.59,
      "currency": "EUR",
      "taxes": [
        {
          "code": "Vat",
          "type": "RATE",
          "value": 0.2
        },
        {
          "code": "CustomsDuties",
          "type": "RATE",
          "value": 0.4
        },
        {
          "code": "ShippingVAT",
          "type": "RATE",
          "value": 0.14
        },
        {
          "code": "CustomsVAT",
          "type": "RATE",
          "value": 0.2
        }
      ],
      "originalPrice": 257.59,
      "startDate": null,
      "endDate": null,
      "discountID": null,
      "created_at": "2021-03-25T09:21:44.000000Z",
      "updated_at": "2021-03-25T09:21:44.000000Z"
    },
    "inventory": {
      "offerId": "92149_0045496444556_6_CASIFR",
      "stock": 1,
      "supply_mode": "FBC",
      "deliveries": [
        {
          "mode": "EHD",
          "minDelay": 2,
          "maxDelay": 7,
          "shippingCost": 2.4
        },
        {
          "mode": "THD",
          "minDelay": 8,
          "maxDelay": 15,
          "shippingCost": 13
        }
      ],
      "updated_at": "2021-03-25T09:21:44.000000Z"
    }
  },
  {
    "offerId": "8876_0045496503734_6_CASIFR",
    "product_id": "0045496503734",
    "condition": {
      "condition": "New",
      "sub_condition": "NewNew",
      "comment": null
    },
    "seller": {
      "id": 8876,
      "name": "Jeux Video Du net"
    },
    "created_at": "2021-03-25T09:21:44.000000Z",
    "updated_at": "2021-03-25T09:21:44.000000Z",
    "status": "active",
    "bestOfferRank": "1",
    "price": {
      "offerId": "8876_0045496503734_6_CASIFR",
      "price": 363.99,
      "currency": "EUR",
      "taxes": [
        {
          "code": "Vat",
          "type": "RATE",
          "value": 0.2
        },
        {
          "code": "CustomsDuties",
          "type": "RATE",
          "value": 0.4
        },
        {
          "code": "ShippingVAT",
          "type": "RATE",
          "value": 0.14
        },
        {
          "code": "CustomsVAT",
          "type": "RATE",
          "value": 0.2
        }
      ],
      "originalPrice": 363.99,
      "startDate": null,
      "endDate": null,
      "discountID": null,
      "created_at": "2021-03-25T09:21:44.000000Z",
      "updated_at": "2021-03-25T09:21:44.000000Z"
    },
    "inventory": {
      "offerId": "8876_0045496503734_6_CASIFR",
      "stock": 1,
      "supply_mode": "FBC",
      "deliveries": [
        {
          "mode": "EHD",
          "minDelay": 2,
          "maxDelay": 7,
          "shippingCost": 3.3
        },
        {
          "mode": "THD",
          "minDelay": 6,
          "maxDelay": 12,
          "shippingCost": 5.2
        }
      ],
      "updated_at": "2021-03-25T09:21:44.000000Z"
    }
  },
  {
    "offerId": "8876_0045496472566_6_CASIFR",
    "product_id": "0045496472566",
    "condition": {
      "condition": "New",
      "sub_condition": "NewNew",
      "comment": null
    },
    "seller": {
      "id": 8876,
      "name": "Jeux Video Du net"
    },
    "created_at": "2021-03-25T09:21:44.000000Z",
    "updated_at": "2021-03-25T09:21:44.000000Z",
    "status": "active",
    "bestOfferRank": "2",
    "price": {
      "offerId": "8876_0045496472566_6_CASIFR",
      "price": 30.67,
      "currency": "EUR",
      "taxes": [
        {
          "code": "Vat",
          "type": "RATE",
          "value": 0.2
        },
        {
          "code": "CustomsDuties",
          "type": "RATE",
          "value": 0.4
        },
        {
          "code": "ShippingVAT",
          "type": "RATE",
          "value": 0.14
        },
        {
          "code": "CustomsVAT",
          "type": "RATE",
          "value": 0.2
        }
      ],
      "originalPrice": 30.67,
      "startDate": null,
      "endDate": null,
      "discountID": null,
      "created_at": "2021-03-25T09:21:44.000000Z",
      "updated_at": "2021-03-25T09:21:44.000000Z"
    },
    "inventory": {
      "offerId": "8876_0045496472566_6_CASIFR",
      "stock": 2,
      "supply_mode": "FBC",
      "deliveries": [
        {
          "mode": "EHD",
          "minDelay": 4,
          "maxDelay": 7,
          "shippingCost": 14.3
        },
        {
          "mode": "THD",
          "minDelay": 5,
          "maxDelay": 13,
          "shippingCost": 19.1
        }
      ],
      "updated_at": "2021-03-25T09:21:44.000000Z"
    }
  },
  {
    "offerId": "92149_0045496371487_6_CASIFR",
    "product_id": "0045496371487",
    "condition": {
      "condition": "New",
      "sub_condition": "NewNew",
      "comment": null
    },
    "seller": {
      "id": 92149,
      "name": "La Caverne Zone"
    },
    "created_at": "2021-03-25T09:21:44.000000Z",
    "updated_at": "2021-03-25T09:21:44.000000Z",
    "status": "active",
    "bestOfferRank": "1",
    "price": {
      "offerId": "92149_0045496371487_6_CASIFR",
      "price": 70.74,
      "currency": "EUR",
      "taxes": [
        {
          "code": "Vat",
          "type": "RATE",
          "value": 0.2
        },
        {
          "code": "CustomsDuties",
          "type": "RATE",
          "value": 0.4
        },
        {
          "code": "ShippingVAT",
          "type": "RATE",
          "value": 0.14
        },
        {
          "code": "CustomsVAT",
          "type": "RATE",
          "value": 0.2
        }
      ],
      "originalPrice": 70.74,
      "startDate": null,
      "endDate": null,
      "discountID": null,
      "created_at": "2021-03-25T09:21:44.000000Z",
      "updated_at": "2021-03-25T09:21:44.000000Z"
    },
    "inventory": {
      "offerId": "92149_0045496371487_6_CASIFR",
      "stock": 8,
      "supply_mode": "FBC",
      "deliveries": [
        {
          "mode": "EHD",
          "minDelay": 4,
          "maxDelay": 14,
          "shippingCost": 2.8
        },
        {
          "mode": "THD",
          "minDelay": 7,
          "maxDelay": 15,
          "shippingCost": 15.7
        }
      ],
      "updated_at": "2021-03-25T09:21:44.000000Z"
    }
  },
  {
    "offerId": "8876_0045496502300_6_CASIFR",
    "product_id": "0045496502300",
    "condition": {
      "condition": "New",
      "sub_condition": "NewNew",
      "comment": null
    },
    "seller": {
      "id": 8876,
      "name": "Jeux Video Du net"
    },
    "created_at": "2021-03-25T09:21:44.000000Z",
    "updated_at": "2021-03-25T09:21:44.000000Z",
    "status": "active",
    "bestOfferRank": "1",
    "price": {
      "offerId": "8876_0045496502300_6_CASIFR",
      "price": 275.89,
      "currency": "EUR",
      "taxes": [
        {
          "code": "Vat",
          "type": "RATE",
          "value": 0.2
        },
        {
          "code": "CustomsDuties",
          "type": "RATE",
          "value": 0.4
        },
        {
          "code": "ShippingVAT",
          "type": "RATE",
          "value": 0.14
        },
        {
          "code": "CustomsVAT",
          "type": "RATE",
          "value": 0.2
        }
      ],
      "originalPrice": 275.89,
      "startDate": null,
      "endDate": null,
      "discountID": null,
      "created_at": "2021-03-25T09:21:44.000000Z",
      "updated_at": "2021-03-25T09:21:44.000000Z"
    },
    "inventory": {
      "offerId": "8876_0045496502300_6_CASIFR",
      "stock": 6,
      "supply_mode": "FBC",
      "deliveries": [
        {
          "mode": "EHD",
          "minDelay": 1,
          "maxDelay": 11,
          "shippingCost": 10.8
        },
        {
          "mode": "THD",
          "minDelay": 8,
          "maxDelay": 12,
          "shippingCost": 7.4
        }
      ],
      "updated_at": "2021-03-25T09:21:44.000000Z"
    }
  },
  {
    "offerId": "8876_0045496504281_6_CASIFR",
    "product_id": "0045496504281",
    "condition": {
      "condition": "New",
      "sub_condition": "NewNew",
      "comment": null
    },
    "seller": {
      "id": 8876,
      "name": "Jeux Video Du net"
    },
    "created_at": "2021-03-25T09:21:44.000000Z",
    "updated_at": "2021-03-25T09:21:44.000000Z",
    "status": "active",
    "bestOfferRank": "1",
    "price": {
      "offerId": "8876_0045496504281_6_CASIFR",
      "price": 242.99,
      "currency": "EUR",
      "taxes": [
        {
          "code": "Vat",
          "type": "RATE",
          "value": 0.2
        },
        {
          "code": "CustomsDuties",
          "type": "RATE",
          "value": 0.4
        },
        {
          "code": "ShippingVAT",
          "type": "RATE",
          "value": 0.14
        },
        {
          "code": "CustomsVAT",
          "type": "RATE",
          "value": 0.2
        }
      ],
      "originalPrice": 242.99,
      "startDate": null,
      "endDate": null,
      "discountID": null,
      "created_at": "2021-03-25T09:21:44.000000Z",
      "updated_at": "2021-03-25T09:21:44.000000Z"
    },
    "inventory": {
      "offerId": "8876_0045496504281_6_CASIFR",
      "stock": 1,
      "supply_mode": "FBC",
      "deliveries": [
        {
          "mode": "EHD",
          "minDelay": 3,
          "maxDelay": 12,
          "shippingCost": 9.1
        },
        {
          "mode": "THD",
          "minDelay": 6,
          "maxDelay": 7,
          "shippingCost": 15.4
        }
      ],
      "updated_at": "2021-03-25T09:21:44.000000Z"
    }
  },
  {
    "offerId": "8876_0045496504427_6_CASIFR",
    "product_id": "0045496504427",
    "condition": {
      "condition": "New",
      "sub_condition": "NewNew",
      "comment": null
    },
    "seller": {
      "id": 8876,
      "name": "Jeux Video Du net"
    },
    "created_at": "2021-03-25T09:21:44.000000Z",
    "updated_at": "2021-03-25T09:21:44.000000Z",
    "status": "active",
    "bestOfferRank": "1",
    "price": {
      "offerId": "8876_0045496504427_6_CASIFR",
      "price": 440.99,
      "currency": "EUR",
      "taxes": [
        {
          "code": "Vat",
          "type": "RATE",
          "value": 0.2
        },
        {
          "code": "CustomsDuties",
          "type": "RATE",
          "value": 0.4
        },
        {
          "code": "ShippingVAT",
          "type": "RATE",
          "value": 0.14
        },
        {
          "code": "CustomsVAT",
          "type": "RATE",
          "value": 0.2
        }
      ],
      "originalPrice": 440.99,
      "startDate": null,
      "endDate": null,
      "discountID": null,
      "created_at": "2021-03-25T09:21:44.000000Z",
      "updated_at": "2021-03-25T09:21:44.000000Z"
    },
    "inventory": {
      "offerId": "8876_0045496504427_6_CASIFR",
      "stock": 1,
      "supply_mode": "FBC",
      "deliveries": [
        {
          "mode": "EHD",
          "minDelay": 3,
          "maxDelay": 13,
          "shippingCost": 15.1
        },
        {
          "mode": "THD",
          "minDelay": 8,
          "maxDelay": 11,
          "shippingCost": 17.7
        }
      ],
      "updated_at": "2021-03-25T09:21:44.000000Z"
    }
  },
  {
    "offerId": "85734_0045496503499_6_CASIFR",
    "product_id": "0045496503499",
    "condition": {
      "condition": "New",
      "sub_condition": "NewNew",
      "comment": null
    },
    "seller": {
      "id": 85734,
      "name": "ZKMULTIMEDIA"
    },
    "created_at": "2021-03-25T09:21:44.000000Z",
    "updated_at": "2021-03-25T09:21:44.000000Z",
    "status": "active",
    "bestOfferRank": "1",
    "price": {
      "offerId": "85734_0045496503499_6_CASIFR",
      "price": 330.2,
      "currency": "EUR",
      "taxes": [
        {
          "code": "Vat",
          "type": "RATE",
          "value": 0.2
        },
        {
          "code": "CustomsDuties",
          "type": "RATE",
          "value": 0.4
        },
        {
          "code": "ShippingVAT",
          "type": "RATE",
          "value": 0.14
        },
        {
          "code": "CustomsVAT",
          "type": "RATE",
          "value": 0.2
        }
      ],
      "originalPrice": 330.2,
      "startDate": null,
      "endDate": null,
      "discountID": null,
      "created_at": "2021-03-25T09:21:44.000000Z",
      "updated_at": "2021-03-25T09:21:44.000000Z"
    },
    "inventory": {
      "offerId": "85734_0045496503499_6_CASIFR",
      "stock": 1,
      "supply_mode": "FBC",
      "deliveries": [
        {
          "mode": "EHD",
          "minDelay": 3,
          "maxDelay": 4,
          "shippingCost": 2.8
        },
        {
          "mode": "THD",
          "minDelay": 7,
          "maxDelay": 8,
          "shippingCost": 9.9
        }
      ],
      "updated_at": "2021-03-25T09:21:44.000000Z"
    }
  },
  {
    "offerId": "85734_0045496467500_6_CASIFR",
    "product_id": "0045496467500",
    "condition": {
      "condition": "New",
      "sub_condition": "NewNew",
      "comment": null
    },
    "seller": {
      "id": 85734,
      "name": "ZKMULTIMEDIA"
    },
    "created_at": "2021-03-25T09:21:44.000000Z",
    "updated_at": "2021-03-25T09:21:44.000000Z",
    "status": "active",
    "bestOfferRank": "1",
    "price": {
      "offerId": "85734_0045496467500_6_CASIFR",
      "price": 52.91,
      "currency": "EUR",
      "taxes": [
        {
          "code": "Vat",
          "type": "RATE",
          "value": 0.2
        },
        {
          "code": "CustomsDuties",
          "type": "RATE",
          "value": 0.4
        },
        {
          "code": "ShippingVAT",
          "type": "RATE",
          "value": 0.14
        },
        {
          "code": "CustomsVAT",
          "type": "RATE",
          "value": 0.2
        }
      ],
      "originalPrice": 52.91,
      "startDate": null,
      "endDate": null,
      "discountID": null,
      "created_at": "2021-03-25T09:21:44.000000Z",
      "updated_at": "2021-03-25T09:21:44.000000Z"
    },
    "inventory": {
      "offerId": "85734_0045496467500_6_CASIFR",
      "stock": 3,
      "supply_mode": "FBC",
      "deliveries": [
        {
          "mode": "THD",
          "minDelay": 2,
          "maxDelay": 4,
          "shippingCost": 5
        }
      ],
      "updated_at": "2021-03-25T09:21:44.000000Z"
    }
  },
  {
    "offerId": "8876_0045496444853_6_CASIFR",
    "product_id": "0045496444853",
    "condition": {
      "condition": "New",
      "sub_condition": "NewNew",
      "comment": null
    },
    "seller": {
      "id": 8876,
      "name": "Jeux Video Du net"
    },
    "created_at": "2021-03-25T09:21:44.000000Z",
    "updated_at": "2021-03-25T09:21:44.000000Z",
    "status": "active",
    "bestOfferRank": "1",
    "price": {
      "offerId": "8876_0045496444853_6_CASIFR",
      "price": 66.99,
      "currency": "EUR",
      "taxes": [
        {
          "code": "Vat",
          "type": "RATE",
          "value": 0.2
        },
        {
          "code": "CustomsDuties",
          "type": "RATE",
          "value": 0.4
        },
        {
          "code": "ShippingVAT",
          "type": "RATE",
          "value": 0.14
        },
        {
          "code": "CustomsVAT",
          "type": "RATE",
          "value": 0.2
        }
      ],
      "originalPrice": 66.99,
      "startDate": null,
      "endDate": null,
      "discountID": null,
      "created_at": "2021-03-25T09:21:44.000000Z",
      "updated_at": "2021-03-25T09:21:44.000000Z"
    },
    "inventory": {
      "offerId": "8876_0045496444853_6_CASIFR",
      "stock": 3,
      "supply_mode": "FBC",
      "deliveries": [
        {
          "mode": "EHD",
          "minDelay": 4,
          "maxDelay": 14,
          "shippingCost": 7.9
        },
        {
          "mode": "THD",
          "minDelay": 5,
          "maxDelay": 7,
          "shippingCost": 7.4
        }
      ],
      "updated_at": "2021-03-25T09:21:44.000000Z"
    }
  },
  {
    "offerId": "8876_0045496503727_6_CASIFR",
    "product_id": "0045496503727",
    "condition": {
      "condition": "New",
      "sub_condition": "NewNew",
      "comment": null
    },
    "seller": {
      "id": 8876,
      "name": "Jeux Video Du net"
    },
    "created_at": "2021-03-25T09:21:44.000000Z",
    "updated_at": "2021-03-25T09:21:44.000000Z",
    "status": "active",
    "bestOfferRank": "1",
    "price": {
      "offerId": "8876_0045496503727_6_CASIFR",
      "price": 330.99,
      "currency": "EUR",
      "taxes": [
        {
          "code": "Vat",
          "type": "RATE",
          "value": 0.2
        },
        {
          "code": "CustomsDuties",
          "type": "RATE",
          "value": 0.4
        },
        {
          "code": "ShippingVAT",
          "type": "RATE",
          "value": 0.14
        },
        {
          "code": "CustomsVAT",
          "type": "RATE",
          "value": 0.2
        }
      ],
      "originalPrice": 330.99,
      "startDate": null,
      "endDate": null,
      "discountID": null,
      "created_at": "2021-03-25T09:21:44.000000Z",
      "updated_at": "2021-03-25T09:21:44.000000Z"
    },
    "inventory": {
      "offerId": "8876_0045496503727_6_CASIFR",
      "stock": 8,
      "supply_mode": "FBC",
      "deliveries": [
        {
          "mode": "EHD",
          "minDelay": 2,
          "maxDelay": 3,
          "shippingCost": 7.5
        },
        {
          "mode": "THD",
          "minDelay": 5,
          "maxDelay": 13,
          "shippingCost": 17.2
        }
      ],
      "updated_at": "2021-03-25T09:21:44.000000Z"
    }
  },
  {
    "offerId": "8876_0045496474010_6_CASIFR",
    "product_id": "0045496474010",
    "condition": {
      "condition": "New",
      "sub_condition": "NewNew",
      "comment": null
    },
    "seller": {
      "id": 8876,
      "name": "Jeux Video Du net"
    },
    "created_at": "2021-03-25T09:21:44.000000Z",
    "updated_at": "2021-03-25T09:21:44.000000Z",
    "status": "active",
    "bestOfferRank": "1",
    "price": {
      "offerId": "8876_0045496474010_6_CASIFR",
      "price": 44.99,
      "currency": "EUR",
      "taxes": [
        {
          "code": "Vat",
          "type": "RATE",
          "value": 0.2
        },
        {
          "code": "CustomsDuties",
          "type": "RATE",
          "value": 0.4
        },
        {
          "code": "ShippingVAT",
          "type": "RATE",
          "value": 0.14
        },
        {
          "code": "CustomsVAT",
          "type": "RATE",
          "value": 0.2
        }
      ],
      "originalPrice": 44.99,
      "startDate": null,
      "endDate": null,
      "discountID": null,
      "created_at": "2021-03-25T09:21:44.000000Z",
      "updated_at": "2021-03-25T09:21:44.000000Z"
    },
    "inventory": {
      "offerId": "8876_0045496474010_6_CASIFR",
      "stock": 2,
      "supply_mode": "FBC",
      "deliveries": [
        {
          "mode": "EHD",
          "minDelay": 3,
          "maxDelay": 4,
          "shippingCost": 5.9
        },
        {
          "mode": "THD",
          "minDelay": 9,
          "maxDelay": 18,
          "shippingCost": 18.5
        }
      ],
      "updated_at": "2021-03-25T09:21:44.000000Z"
    }
  },
  {
    "offerId": "92149_0045496502614_6_CASIFR",
    "product_id": "0045496502614",
    "condition": {
      "condition": "New",
      "sub_condition": "NewNew",
      "comment": null
    },
    "seller": {
      "id": 92149,
      "name": "La Caverne Zone"
    },
    "created_at": "2021-03-25T09:21:44.000000Z",
    "updated_at": "2021-03-25T09:21:44.000000Z",
    "status": "active",
    "bestOfferRank": "2",
    "price": {
      "offerId": "92149_0045496502614_6_CASIFR",
      "price": 253.89,
      "currency": "EUR",
      "taxes": [
        {
          "code": "Vat",
          "type": "RATE",
          "value": 0.2
        },
        {
          "code": "CustomsDuties",
          "type": "RATE",
          "value": 0.4
        },
        {
          "code": "ShippingVAT",
          "type": "RATE",
          "value": 0.14
        },
        {
          "code": "CustomsVAT",
          "type": "RATE",
          "value": 0.2
        }
      ],
      "originalPrice": 253.89,
      "startDate": null,
      "endDate": null,
      "discountID": null,
      "created_at": "2021-03-25T09:21:44.000000Z",
      "updated_at": "2021-03-25T09:21:44.000000Z"
    },
    "inventory": {
      "offerId": "92149_0045496502614_6_CASIFR",
      "stock": 1,
      "supply_mode": "FBC",
      "deliveries": [
        {
          "mode": "EHD",
          "minDelay": 4,
          "maxDelay": 9,
          "shippingCost": 5.6
        },
        {
          "mode": "THD",
          "minDelay": 8,
          "maxDelay": 13,
          "shippingCost": 7.3
        }
      ],
      "updated_at": "2021-03-25T09:21:44.000000Z"
    }
  },
  {
    "offerId": "85734_0045496472931_6_CASIFR",
    "product_id": "0045496472931",
    "condition": {
      "condition": "New",
      "sub_condition": "NewNew",
      "comment": null
    },
    "seller": {
      "id": 85734,
      "name": "ZKMULTIMEDIA"
    },
    "created_at": "2021-03-25T09:21:44.000000Z",
    "updated_at": "2021-03-25T09:21:44.000000Z",
    "status": "active",
    "bestOfferRank": "1",
    "price": {
      "offerId": "85734_0045496472931_6_CASIFR",
      "price": 27.79,
      "currency": "EUR",
      "taxes": [
        {
          "code": "Vat",
          "type": "RATE",
          "value": 0.2
        },
        {
          "code": "CustomsDuties",
          "type": "RATE",
          "value": 0.4
        },
        {
          "code": "ShippingVAT",
          "type": "RATE",
          "value": 0.14
        },
        {
          "code": "CustomsVAT",
          "type": "RATE",
          "value": 0.2
        }
      ],
      "originalPrice": 27.79,
      "startDate": null,
      "endDate": null,
      "discountID": null,
      "created_at": "2021-03-25T09:21:44.000000Z",
      "updated_at": "2021-03-25T09:21:44.000000Z"
    },
    "inventory": {
      "offerId": "85734_0045496472931_6_CASIFR",
      "stock": 8,
      "supply_mode": "FBC",
      "deliveries": [
        {
          "mode": "THD",
          "minDelay": 3,
          "maxDelay": 4,
          "shippingCost": 6.99
        }
      ],
      "updated_at": "2021-03-25T09:21:44.000000Z"
    }
  }
]
