[
  {
    "sellerId": 8876,
    "creationDate": "2021-06-01T17:54:00.000000Z",
    "lastUpdateDate": "2021-06-01T17:54:00.000000Z",
    "shopName": "Jeux Video Du net",
    "shopUrl": "https://www.cdiscount.com/mpv-8876-jeux-video-du-net.html",
    "shopLogo": {
      "url": "https://picsum.photos/1280/720?60d6065aeec24.jpg",
      "renditions": [
        {
          "name": "small",
          "url": "https://picsum.photos/320/240?60d6065aeec24.jpg",
          "width": 320,
          "height": 240
        },
        {
          "name": "medium",
          "url": "https://picsum.photos/640/480?60d6065aeec24.jpg",
          "width": 640,
          "height": 480
        },
        {
          "name": "large",
          "url": "https://picsum.photos/1280/720?60d6065aeec24.jpg",
          "width": 1280,
          "height": 720
        }
      ]
    },
    "companyRegistrationNumber":  79524002700016,
    "deliveryModes": null,
    "subscription": null,
    "email": "DCEAEAFEDDFA.42711006532985942183@cdutil.com",
    "salesAdvicesEmail": "DCEAEAFEDDFA.42711006532985942183@cdutil.com",
    "notificationsEmail": "DCEAEAFEDDFA.42711006532985942183@cdutil.com",
    "state": "Activated",
    "subState": "Active",
    "mobileNumber": null,
    "address": [
      {
        "type": "headOffice",
        "address1": "Place du Commandant-Espérandieu",
        "address2": null,
        "appartmentNumber": null,
        "building": null,
        "zipCode": "30360",
        "city": "Saint-Hippolyte-de-Caton",
        "county": null,
        "country": "France",
        "instructions": null
      },
      {
        "type": "customerService",
        "address1": "Place du Commandant-Espérandieu",
        "address2": null,
        "appartmentNumber": null,
        "building": null,
        "zipCode": "30360",
        "city": "Saint-Hippolyte-de-Caton",
        "county": null,
        "country": "France",
        "instructions": null
      },
      {
        "type": "return",
        "address1": "Place du Commandant-Espérandieu",
        "address2": null,
        "appartmentNumber": null,
        "building": null,
        "zipCode": "30360",
        "city": "Saint-Hippolyte-de-Caton",
        "county": null,
        "country": "France",
        "instructions": null
      }
    ],
    "shippingCountry": "France",
    "legalCompanyName": "SAS JVO",
    "legalStatus": "SAS",
    "companyCapital": "10000 EUR",
    "intracomVat": "FR49795240027",
    "isFulfillment": "true",
    "legal_terms": [
      {
        "description": "Jeux Video Du Net, le spécialiste du jeu vidéo sur toutes les marketplaces",
        "languageCode": "fr"
      }
    ]
  },
  {
    "sellerId": 85734,
    "creationDate": "2021-06-01T17:54:00.000000Z",
    "lastUpdateDate": "2021-06-01T17:54:00.000000Z",
    "shopName": "ZKMULTIMEDIA",
    "shopUrl": "https://www.cdiscount.com/mpv-85734-zkmultimedia.html",
    "shopLogo": {
      "url": "https://picsum.photos/1280/720?60d6065aee621.jpg",
      "renditions": [
        {
          "name": "small",
          "url": "https://picsum.photos/320/240?60d6065aee621.jpg",
          "width": 320,
          "height": 240
        },
        {
          "name": "medium",
          "url": "https://picsum.photos/640/480?60d6065aee621.jpg",
          "width": 640,
          "height": 480
        },
        {
          "name": "large",
          "url": "https://picsum.photos/1280/720?60d6065aee621.jpg",
          "width": 1280,
          "height": 720
        }
      ]
    },
    "companyRegistrationNumber":  84412287900019,
    "deliveryModes": null,
    "subscription": null,
    "email": "BAFCFADAB.30066675023438071519547@cdutil.com",
    "salesAdvicesEmail": "BAFCFADAB.30066675023438071519547@cdutil.com",
    "notificationsEmail": "BAFCFADAB.30066675023438071519547@cdutil.com",
    "state": "Activated",
    "subState": "Active",
    "mobileNumber": null,
    "address": [
      {
        "type": "headOffice",
        "address1": "Place de l'Hôtel-de-Ville",
        "address2": "les glaieuls",
        "appartmentNumber": null,
        "building": null,
        "zipCode": "29182",
        "city": "Concarneau Cedex",
        "county": null,
        "country": "France",
        "instructions": null
      },
      {
        "type": "customerService",
        "address1": "Place de l'Hôtel-de-Ville",
        "address2": "les glaieuls",
        "appartmentNumber": null,
        "building": null,
        "zipCode": "29182",
        "city": "Concarneau Cedex",
        "county": null,
        "country": "France",
        "instructions": null
      },
      {
        "type": "return",
        "address1": "Place de l'Hôtel-de-Ville",
        "address2": "les glaieuls",
        "appartmentNumber": null,
        "building": null,
        "zipCode": "29182",
        "city": "Concarneau Cedex",
        "county": null,
        "country": "France",
        "instructions": null
      }
    ],
    "shippingCountry": "France",
    "legalCompanyName": "ZEROUAL DISCOUNT",
    "legalStatus": "SASU",
    "companyCapital": null,
    "intracomVat": "FR28844122879",
    "isFulfillment": "false",
    "legal_terms": [
      {
        "description": "DROIT DE RETRACTATION: Le consommateur dispose d'un délai de 14 jours ouvrables pour retourner, à ses frais, les produits ne lui convenant pas. Ce délai court à compter du jour de la livraison de la commande du consommateur. Retour dans son emballage d'origine non ouvert (en cas de produits ouvert ou abimé aucun remboursement ne sera accepté) remboursement déduit des frais de port qui reste à la charge du consommateur. RETOUR: Tout retour devra être signalé au préalable et validés par nos soins. Les produits devront nous être retournés dans leur boites d'origine, les frais retour sont a votre charge. Les produits tels que Disques, CDs, DVD, Jeux vidéos ne devront pas avoir été descellés, seuls seront repris les produits complets et intacts renvoyés dans leur ensemble, dans leur emballage d'origine, et en parfait état de revente. Tout produit qui aura été abîmé ne sera pas remboursé. Les produits seront testés a leurs arrivés dans nos locaux et le cas échéant une réparation ou un échange sera proposé , si le produit testé s'avérait être en parfait état de marche, il ne sera pas remboursé. Email: zeroualdiscount@gmail.com",
        "languageCode": "fr"
      }
    ]
  },
  {
    "sellerId": 92149,
    "creationDate": "2021-06-01T17:54:00.000000Z",
    "lastUpdateDate": "2021-06-01T17:54:00.000000Z",
    "shopName": "La Caverne Zone",
    "shopUrl": "https://www.cdiscount.com/mpv-92149-la-caverne-zone.html",
    "shopLogo": {
      "url": "https://picsum.photos/1280/720?60d6065aeeb19.jpg",
      "renditions": [
        {
          "name": "small",
          "url": "https://picsum.photos/320/240?60d6065aeeb19.jpg",
          "width": 320,
          "height": 240
        },
        {
          "name": "medium",
          "url": "https://picsum.photos/640/480?60d6065aeeb19.jpg",
          "width": 640,
          "height": 480
        },
        {
          "name": "large",
          "url": "https://picsum.photos/1280/720?60d6065aeeb19.jpg",
          "width": 1280,
          "height": 720
        }
      ]
    },
    "companyRegistrationNumber":  85011980100015,
    "deliveryModes": null,
    "subscription": null,
    "email": "FEACACFBEFFFCEFBBEFE.754350563025@cdutil.com",
    "salesAdvicesEmail": "FEACACFBEFFFCEFBBEFE.754350563025@cdutil.com",
    "notificationsEmail": "FEACACFBEFFFCEFBBEFE.754350563025@cdutil.com",
    "state": "Activated",
    "subState": "Active",
    "mobileNumber": null,
    "address": [
      {
        "type": "headOffice",
        "address1": "103 rue de la rocade",
        "address2": null,
        "appartmentNumber": null,
        "building": null,
        "zipCode": "71000",
        "city": "Macon",
        "county": null,
        "country": "France",
        "instructions": null
      },
      {
        "type": "customerService",
        "address1": "103 rue de la rocade",
        "address2": null,
        "appartmentNumber": null,
        "building": null,
        "zipCode": "71000",
        "city": "Macon",
        "county": null,
        "country": "France",
        "instructions": null
      },
      {
        "type": "return",
        "address1": "103 rue de la rocade",
        "address2": null,
        "appartmentNumber": null,
        "building": null,
        "zipCode": "71000",
        "city": "Macon",
        "county": null,
        "country": "France",
        "instructions": null
      }
    ],
    "shippingCountry": "France",
    "legalCompanyName": "olivier maingret",
    "legalStatus": "auto-entrepreneur",
    "companyCapital": null,
    "intracomVat": "FR10850119801",
    "isFulfillment": "false",
    "legal_terms": [
      {
        "description": null,
        "languageCode": "fr"
      }
    ]
  }
]
